#
# There is insufficient memory for the Java Runtime Environment to continue.
# Native memory allocation (malloc) failed to allocate 2747288 bytes. Error detail: Chunk::new
# Possible reasons:
#   The system is out of physical RAM or swap space
#   This process is running with CompressedOops enabled, and the Java Heap may be blocking the growth of the native heap
# Possible solutions:
#   Reduce memory load on the system
#   Increase physical memory or swap space
#   Check if swap backing store is full
#   Decrease Java heap size (-Xmx/-Xms)
#   Decrease number of Java threads
#   Decrease Java thread stack sizes (-Xss)
#   Set larger code cache with -XX:ReservedCodeCacheSize=
#   JVM is running with Zero Based Compressed Oops mode in which the Java heap is
#     placed in the first 32GB address space. The Java Heap base address is the
#     maximum limit for the native heap growth. Please use -XX:HeapBaseMinAddress
#     to set the Java Heap base and to place the Java Heap above 32GB virtual address.
# This output file may be truncated or incomplete.
#
#  Out of Memory Error (arena.cpp:186), pid=32884, tid=33692
#
# JRE version: OpenJDK Runtime Environment (25.0.3) (build 25.0.3+-15898627-b508.16)
# Java VM: OpenJDK 64-Bit Server VM (25.0.3+-15898627-b508.16, mixed mode, tiered, compressed oops, compressed class ptrs, g1 gc, windows-amd64)
# No core dump will be written. Minidumps are not enabled by default on client versions of Windows
#

---------------  S U M M A R Y ------------

Command Line: --add-opens=java.base/java.lang=ALL-UNNAMED --add-opens=java.base/java.lang.invoke=ALL-UNNAMED --add-opens=java.base/java.util=ALL-UNNAMED --add-opens=java.prefs/java.util.prefs=ALL-UNNAMED --add-exports=jdk.compiler/com.sun.tools.javac.api=ALL-UNNAMED --add-exports=jdk.compiler/com.sun.tools.javac.util=ALL-UNNAMED --add-opens=java.base/java.nio.charset=ALL-UNNAMED --add-opens=java.base/java.net=ALL-UNNAMED --add-opens=java.base/java.util.concurrent=ALL-UNNAMED --add-opens=java.base/java.util.concurrent.atomic=ALL-UNNAMED --add-opens=java.xml/javax.xml.namespace=ALL-UNNAMED --add-opens=java.base/java.time=ALL-UNNAMED --enable-native-access=ALL-UNNAMED -Xmx4g -Dfile.encoding=UTF-8 -Duser.country=IN -Duser.language=en -Duser.variant -javaagent:C:\Users\Awees\.gradle\wrapper\dists\gradle-9.7.1-bin\1w1c7tv4s851m17nbqdsro2tv\gradle-9.7.1\lib\agents\gradle-instrumentation-agent-9.7.1.jar org.gradle.launcher.daemon.bootstrap.GradleDaemon 9.7.1

Host: 11th Gen Intel(R) Core(TM) i5-11400H @ 2.70GHz, 12 cores, 7G,  Windows 11 , 64 bit Build 22621 (10.0.22621.4830)
Time: Thu Sep 17 22:45:40 2026 India Standard Time elapsed time: 397.859107 seconds (0d 0h 6m 37s)

---------------  T H R E A D  ---------------

Current thread (0x0000025616c26070):  JavaThread "C2 CompilerThread0" daemon [_thread_in_native, id=33692, stack(0x000000e94d300000,0x000000e94d400000) (1024K)]


Current CompileTask:
C2:397859 24069       4       org.gradle.api.internal.artifacts.ivyservice.ivyresolve.parser.PomDomParser::getTextContent (94 bytes)

Stack: [0x000000e94d300000,0x000000e94d400000]
Native frames: (J=compiled Java code, j=interpreted, Vv=VM code, C=native code)
V  [jvm.dll+0x7bf039]  (no source info available)
V  [jvm.dll+0x78912d]  (no source info available)
V  [jvm.dll+0xa0e615]  (no source info available)
V  [jvm.dll+0xa10c94]  (no source info available)
V  [jvm.dll+0xa11393]  (no source info available)
V  [jvm.dll+0x30a116]  (no source info available)
V  [jvm.dll+0x10eda9]  (no source info available)
V  [jvm.dll+0x10f0d2]  (no source info available)
V  [jvm.dll+0x1a9b77]  (no source info available)
V  [jvm.dll+0x3bf612]  (no source info available)
V  [jvm.dll+0x7c48b7]  (no source info available)
V  [jvm.dll+0x2ce466]  (no source info available)
V  [jvm.dll+0x2cd641]  (no source info available)
V  [jvm.dll+0x24334a]  (no source info available)
V  [jvm.dll+0x2dd025]  (no source info available)
V  [jvm.dll+0x2db226]  (no source info available)
V  [jvm.dll+0x49c12e]  (no source info available)
V  [jvm.dll+0x9ad738]  (no source info available)
V  [jvm.dll+0x7bd585]  (no source info available)
C  [ucrtbase.dll+0x29333]  (no source info available)
C  [KERNEL32.DLL+0x1259d]  (no source info available)
C  [ntdll.dll+0x5af38]  (no source info available)

Lock stack of current Java thread (top to bottom):


---------------  P R O C E S S  ---------------

Threads class SMR info:
_java_thread_list=0x00000256217f8370, length=76, elements={
0x000002567c662970, 0x0000025616c0e980, 0x0000025616c455f0, 0x0000025616c18da0,
0x0000025616c4e370, 0x0000025616c1b7d0, 0x0000025616c1ffa0, 0x0000025616c25780,
0x0000025616c26070, 0x0000025616c289c0, 0x00000256173c66e0, 0x000002561de80fd0,
0x000002561e93c140, 0x000002561e62b490, 0x000002561e4f8610, 0x000002561e4f7e40,
0x000002561e4f3fc0, 0x000002561f72ce00, 0x000002561f72e570, 0x000002561f102ea0,
0x000002561f100f60, 0x000002561f106550, 0x000002561f0ff020, 0x000002561f104de0,
0x000002561f103e40, 0x000002561f0fffc0, 0x000002561f100790, 0x000002561f101f00,
0x000002561f1324c0, 0x000002561f130d50, 0x000002561f132c90, 0x000002561f12fdb0,
0x0000025620c26110, 0x000002561f96fc60, 0x000002562014a680, 0x0000025620152380,
0x000002562014ecd0, 0x000002562014f4a0, 0x000002562014b620, 0x0000025620153320,
0x000002562014c5c0, 0x00000256201571a0, 0x00000256201598b0, 0x0000025620154a90,
0x00000256271d30c0, 0x00000256271d1950, 0x00000256271d28f0, 0x00000256271cea70,
0x00000256271d3890, 0x00000256271d09b0, 0x00000256271d57d0, 0x000002561e404ac0,
0x000002561e40b820, 0x000002561e408940, 0x000002561e406230, 0x000002561e405290,
0x000002561e40c7c0, 0x000002561e4071d0, 0x000002561e40df30, 0x000002561e410e10,
0x000002561e4115e0, 0x000002561e412580, 0x0000025626d18020, 0x0000025626d19790,
0x0000025626d1af00, 0x0000025626d1c670, 0x0000025626d1b6d0, 0x0000025626d18fc0,
0x0000025626d1e5b0, 0x000002562707c540, 0x0000025627630a50, 0x0000025627631220,
0x00000256276319f0, 0x00000256276321c0, 0x00000256287058a0, 0x0000025628704900
}

Java Threads: ( => current thread )
  0x000002567c662970 JavaThread "main"                              [_thread_blocked, id=13552, stack(0x000000e94c400000,0x000000e94c500000) (1024K)]
  0x0000025616c0e980 JavaThread "Common-Cleaner"             daemon [_thread_blocked, id=20868, stack(0x000000e94cc00000,0x000000e94cd00000) (1024K)]
  0x0000025616c455f0 JavaThread "Reference Handler"          daemon [_thread_blocked, id=26348, stack(0x000000e94cd00000,0x000000e94ce00000) (1024K)]
  0x0000025616c18da0 JavaThread "Finalizer"                  daemon [_thread_blocked, id=23888, stack(0x000000e94ce00000,0x000000e94cf00000) (1024K)]
  0x0000025616c4e370 JavaThread "Signal Dispatcher"          daemon [_thread_blocked, id=10048, stack(0x000000e94cf00000,0x000000e94d000000) (1024K)]
  0x0000025616c1b7d0 JavaThread "Attach Listener"            daemon [_thread_blocked, id=9136, stack(0x000000e94d000000,0x000000e94d100000) (1024K)]
  0x0000025616c1ffa0 JavaThread "Service Thread"             daemon [_thread_blocked, id=22548, stack(0x000000e94d100000,0x000000e94d200000) (1024K)]
  0x0000025616c25780 JavaThread "Monitor Deflation Thread"   daemon [_thread_blocked, id=29908, stack(0x000000e94d200000,0x000000e94d300000) (1024K)]
=>0x0000025616c26070 JavaThread "C2 CompilerThread0"         daemon [_thread_in_native, id=33692, stack(0x000000e94d300000,0x000000e94d400000) (1024K)]
  0x0000025616c289c0 JavaThread "C1 CompilerThread0"         daemon [_thread_blocked, id=13932, stack(0x000000e94d400000,0x000000e94d500000) (1024K)]
  0x00000256173c66e0 JavaThread "Notification Thread"        daemon [_thread_blocked, id=24080, stack(0x000000e94d500000,0x000000e94d600000) (1024K)]
  0x000002561de80fd0 JavaThread "Daemon health stats"               [_thread_blocked, id=30232, stack(0x000000e94de00000,0x000000e94df00000) (1024K)]
  0x000002561e93c140 JavaThread "Incoming local TCP Connector on port 51005"        [_thread_in_native, id=24544, stack(0x000000e94df00000,0x000000e94e000000) (1024K)]
  0x000002561e62b490 JavaThread "Daemon periodic checks"            [_thread_blocked, id=1224, stack(0x000000e94e000000,0x000000e94e100000) (1024K)]
  0x000002561e4f8610 JavaThread "Cache worker for journal cache (C:\Users\Awees\.gradle\caches\journal-1)"        [_thread_blocked, id=31344, stack(0x000000e94eb00000,0x000000e94ec00000) (1024K)]
  0x000002561e4f7e40 JavaThread "File lock request listener"        [_thread_in_native, id=32952, stack(0x000000e94ec00000,0x000000e94ed00000) (1024K)]
  0x000002561e4f3fc0 JavaThread "Cache worker for file hash cache (C:\Users\Awees\.gradle\caches\9.7.1\fileHashes)"        [_thread_blocked, id=23476, stack(0x000000e94ed00000,0x000000e94ee00000) (1024K)]
  0x000002561f72ce00 JavaThread "File watcher server"        daemon [_thread_in_native, id=26976, stack(0x000000e94f000000,0x000000e94f100000) (1024K)]
  0x000002561f72e570 JavaThread "File watcher consumer"      daemon [_thread_blocked, id=13368, stack(0x000000e94f100000,0x000000e94f200000) (1024K)]
  0x000002561f102ea0 JavaThread "jar transforms"                    [_thread_blocked, id=14880, stack(0x000000e94f200000,0x000000e94f300000) (1024K)]
  0x000002561f100f60 JavaThread "jar transforms Thread 2"           [_thread_blocked, id=12476, stack(0x000000e94f300000,0x000000e94f400000) (1024K)]
  0x000002561f106550 JavaThread "jar transforms Thread 3"           [_thread_blocked, id=17820, stack(0x000000e94f400000,0x000000e94f500000) (1024K)]
  0x000002561f0ff020 JavaThread "jar transforms Thread 4"           [_thread_blocked, id=30348, stack(0x000000e94f500000,0x000000e94f600000) (1024K)]
  0x000002561f104de0 JavaThread "jar transforms Thread 5"           [_thread_blocked, id=9284, stack(0x000000e94f600000,0x000000e94f700000) (1024K)]
  0x000002561f103e40 JavaThread "jar transforms Thread 6"           [_thread_blocked, id=30936, stack(0x000000e94f700000,0x000000e94f800000) (1024K)]
  0x000002561f0fffc0 JavaThread "jar transforms Thread 7"           [_thread_blocked, id=30328, stack(0x000000e94f800000,0x000000e94f900000) (1024K)]
  0x000002561f100790 JavaThread "jar transforms Thread 8"           [_thread_blocked, id=16960, stack(0x000000e94f900000,0x000000e94fa00000) (1024K)]
  0x000002561f101f00 JavaThread "jar transforms Thread 9"           [_thread_blocked, id=28128, stack(0x000000e94fa00000,0x000000e94fb00000) (1024K)]
  0x000002561f1324c0 JavaThread "jar transforms Thread 10"          [_thread_blocked, id=32156, stack(0x000000e94fb00000,0x000000e94fc00000) (1024K)]
  0x000002561f130d50 JavaThread "jar transforms Thread 11"          [_thread_blocked, id=31864, stack(0x000000e94fc00000,0x000000e94fd00000) (1024K)]
  0x000002561f132c90 JavaThread "jar transforms Thread 12"          [_thread_blocked, id=27280, stack(0x000000e94fd00000,0x000000e94fe00000) (1024K)]
  0x000002561f12fdb0 JavaThread "Cache worker for file content cache (C:\Users\Awees\.gradle\caches\9.7.1\fileContent)"        [_thread_blocked, id=20112, stack(0x000000e94fe00000,0x000000e94ff00000) (1024K)]
  0x0000025620c26110 JavaThread "Memory manager"                    [_thread_blocked, id=17172, stack(0x000000e950600000,0x000000e950700000) (1024K)]
  0x000002561f96fc60 JavaThread "pool-3-thread-1"                   [_thread_blocked, id=27644, stack(0x000000e950800000,0x000000e950900000) (1024K)]
  0x000002562014a680 JavaThread "Daemon Thread 2"                   [_thread_blocked, id=29532, stack(0x000000e94c200000,0x000000e94c300000) (1024K)]
  0x0000025620152380 JavaThread "Handler for socket connection from /127.0.0.1:51005 to /127.0.0.1:49546"        [_thread_in_native, id=31524, stack(0x000000e94c300000,0x000000e94c400000) (1024K)]
  0x000002562014ecd0 JavaThread "Cancel handler"                    [_thread_blocked, id=9808, stack(0x000000e94e100000,0x000000e94e200000) (1024K)]
  0x000002562014f4a0 JavaThread "Daemon worker Thread 2"            [_thread_blocked, id=28616, stack(0x000000e94e200000,0x000000e94e300000) (1024K)]
  0x000002562014b620 JavaThread "Asynchronous log dispatcher for DefaultDaemonConnection: socket connection from /127.0.0.1:51005 to /127.0.0.1:49546"        [_thread_blocked, id=14296, stack(0x000000e94e600000,0x000000e94e700000) (1024K)]
  0x0000025620153320 JavaThread "Stdin handler"                     [_thread_blocked, id=28500, stack(0x000000e94e700000,0x000000e94e800000) (1024K)]
  0x000002562014c5c0 JavaThread "Daemon client event forwarder"        [_thread_blocked, id=21144, stack(0x000000e94e800000,0x000000e94e900000) (1024K)]
  0x00000256201571a0 JavaThread "Cache worker for file hash cache (D:\AI-Keyboard\.gradle\9.7.1\fileHashes)"        [_thread_blocked, id=16816, stack(0x000000e94e900000,0x000000e94ea00000) (1024K)]
  0x00000256201598b0 JavaThread "Cache worker for checksums cache (D:\AI-Keyboard\.gradle\9.7.1\checksums)"        [_thread_blocked, id=24172, stack(0x000000e94ea00000,0x000000e94eb00000) (1024K)]
  0x0000025620154a90 JavaThread "Cache worker for Build Output Cleanup Cache (D:\AI-Keyboard\.gradle\buildOutputCleanup)"        [_thread_blocked, id=21352, stack(0x000000e94ee00000,0x000000e94ef00000) (1024K)]
  0x00000256271d30c0 JavaThread "Cache worker for cache directory md-supplier (C:\Users\Awees\.gradle\caches\9.7.1\md-supplier)"        [_thread_blocked, id=23968, stack(0x000000e94ef00000,0x000000e94f000000) (1024K)]
  0x00000256271d1950 JavaThread "Cache worker for cache directory md-rule (C:\Users\Awees\.gradle\caches\9.7.1\md-rule)"        [_thread_blocked, id=27672, stack(0x000000e94ff00000,0x000000e950000000) (1024K)]
  0x00000256271d28f0 JavaThread "Build operations"                  [_thread_blocked, id=2892, stack(0x000000e950000000,0x000000e950100000) (1024K)]
  0x00000256271cea70 JavaThread "Build operations Thread 2"         [_thread_blocked, id=32668, stack(0x000000e950100000,0x000000e950200000) (1024K)]
  0x00000256271d3890 JavaThread "Build operations Thread 3"         [_thread_blocked, id=23652, stack(0x000000e950200000,0x000000e950300000) (1024K)]
  0x00000256271d09b0 JavaThread "Build operations Thread 4"         [_thread_blocked, id=11052, stack(0x000000e950300000,0x000000e950400000) (1024K)]
  0x00000256271d57d0 JavaThread "Configuration cache report writer"        [_thread_blocked, id=30164, stack(0x000000e950400000,0x000000e950500000) (1024K)]
  0x000002561e404ac0 JavaThread "build event listener"              [_thread_blocked, id=11660, stack(0x000000e950500000,0x000000e950600000) (1024K)]
  0x000002561e40b820 JavaThread "build event listener"              [_thread_blocked, id=31724, stack(0x000000e950700000,0x000000e950800000) (1024K)]
  0x000002561e408940 JavaThread "Problems report writer"            [_thread_blocked, id=31116, stack(0x000000e950900000,0x000000e950a00000) (1024K)]
  0x000002561e406230 JavaThread "pool-6-thread-1"                   [_thread_blocked, id=10168, stack(0x000000e950a00000,0x000000e950b00000) (1024K)]
  0x000002561e405290 JavaThread "build event listener"              [_thread_blocked, id=19576, stack(0x000000e950b00000,0x000000e950c00000) (1024K)]
  0x000002561e40c7c0 JavaThread "Unconstrained build operations"        [_thread_blocked, id=27412, stack(0x000000e950c00000,0x000000e950d00000) (1024K)]
  0x000002561e4071d0 JavaThread "Unconstrained build operations Thread 2"        [_thread_blocked, id=15624, stack(0x000000e950d00000,0x000000e950e00000) (1024K)]
  0x000002561e40df30 JavaThread "Unconstrained build operations Thread 3"        [_thread_blocked, id=26708, stack(0x000000e950e00000,0x000000e950f00000) (1024K)]
  0x000002561e410e10 JavaThread "Unconstrained build operations Thread 4"        [_thread_in_native, id=196, stack(0x000000e951000000,0x000000e951100000) (1024K)]
  0x000002561e4115e0 JavaThread "Unconstrained build operations Thread 5"        [_thread_in_native, id=22592, stack(0x000000e951100000,0x000000e951200000) (1024K)]
  0x000002561e412580 JavaThread "Unconstrained build operations Thread 6"        [_thread_in_native, id=32028, stack(0x000000e951200000,0x000000e951300000) (1024K)]
  0x0000025626d18020 JavaThread "Unconstrained build operations Thread 7"        [_thread_blocked, id=26284, stack(0x000000e951300000,0x000000e951400000) (1024K)]
  0x0000025626d19790 JavaThread "Unconstrained build operations Thread 8"        [_thread_in_native, id=18972, stack(0x000000e951400000,0x000000e951500000) (1024K)]
  0x0000025626d1af00 JavaThread "Unconstrained build operations Thread 9"        [_thread_blocked, id=16176, stack(0x000000e951500000,0x000000e951600000) (1024K)]
  0x0000025626d1c670 JavaThread "Unconstrained build operations Thread 10"        [_thread_blocked, id=23420, stack(0x000000e951600000,0x000000e951700000) (1024K)]
  0x0000025626d1b6d0 JavaThread "Unconstrained build operations Thread 11"        [_thread_blocked, id=27252, stack(0x000000e951700000,0x000000e951800000) (1024K)]
  0x0000025626d18fc0 JavaThread "Unconstrained build operations Thread 12"        [_thread_blocked, id=21200, stack(0x000000e951800000,0x000000e951900000) (1024K)]
  0x0000025626d1e5b0 JavaThread "Unconstrained build operations Thread 13"        [_thread_blocked, id=29232, stack(0x000000e951900000,0x000000e951a00000) (1024K)]
  0x000002562707c540 JavaThread "Unconstrained build operations Thread 14"        [_thread_in_native, id=6112, stack(0x000000e951a00000,0x000000e951b00000) (1024K)]
  0x0000025627630a50 JavaThread "Unconstrained build operations Thread 15"        [_thread_blocked, id=28592, stack(0x000000e951b00000,0x000000e951c00000) (1024K)]
  0x0000025627631220 JavaThread "Unconstrained build operations Thread 16"        [_thread_blocked, id=29004, stack(0x000000e951c00000,0x000000e951d00000) (1024K)]
  0x00000256276319f0 JavaThread "Unconstrained build operations Thread 17"        [_thread_blocked, id=10864, stack(0x000000e951d00000,0x000000e951e00000) (1024K)]
  0x00000256276321c0 JavaThread "Unconstrained build operations Thread 18"        [_thread_blocked, id=29192, stack(0x000000e951e00000,0x000000e951f00000) (1024K)]
  0x00000256287058a0 JavaThread "Unconstrained build operations Thread 19"        [_thread_blocked, id=10636, stack(0x000000e951f00000,0x000000e952000000) (1024K)]
  0x0000025628704900 JavaThread "Unconstrained build operations Thread 20"        [_thread_blocked, id=24060, stack(0x000000e952000000,0x000000e952100000) (1024K)]
Total: 76

Other Threads:
  0x0000025616be8be0 VMThread "VM Thread"                           [id=6968, stack(0x000000e94cb00000,0x000000e94cc00000) (1024K)]
  0x0000025616bad100 WatcherThread "VM Periodic Task Thread"        [id=28624, stack(0x000000e94ca00000,0x000000e94cb00000) (1024K)]
  0x000002567c6d04e0 WorkerThread "GC Thread#0"                     [id=32188, stack(0x000000e94c500000,0x000000e94c600000) (1024K)]
  0x000002561c7ed7a0 WorkerThread "GC Thread#1"                     [id=31216, stack(0x000000e94d600000,0x000000e94d700000) (1024K)]
  0x000002561c7dc410 WorkerThread "GC Thread#2"                     [id=11516, stack(0x000000e94d700000,0x000000e94d800000) (1024K)]
  0x000002561c7fe140 WorkerThread "GC Thread#3"                     [id=23788, stack(0x000000e94d800000,0x000000e94d900000) (1024K)]
  0x000002561c800790 WorkerThread "GC Thread#4"                     [id=32196, stack(0x000000e94d900000,0x000000e94da00000) (1024K)]
  0x000002561c800bc0 WorkerThread "GC Thread#5"                     [id=14184, stack(0x000000e94da00000,0x000000e94db00000) (1024K)]
  0x000002561cf3b510 WorkerThread "GC Thread#6"                     [id=24532, stack(0x000000e94db00000,0x000000e94dc00000) (1024K)]
  0x000002561cf36770 WorkerThread "GC Thread#7"                     [id=28296, stack(0x000000e94dc00000,0x000000e94dd00000) (1024K)]
  0x000002561cf3caa0 WorkerThread "GC Thread#8"                     [id=28548, stack(0x000000e94dd00000,0x000000e94de00000) (1024K)]
  0x000002561cf37d00 WorkerThread "GC Thread#9"                     [id=5868, stack(0x000000e94e300000,0x000000e94e400000) (1024K)]
  0x000002567c6ea5c0 ConcurrentGCThread "G1 Main Marker"            [id=324, stack(0x000000e94c600000,0x000000e94c700000) (1024K)]
  0x000002567c6eb2d0 WorkerThread "G1 Conc#0"                       [id=24428, stack(0x000000e94c700000,0x000000e94c800000) (1024K)]
  0x000002561cf3bdb0 WorkerThread "G1 Conc#1"                       [id=31656, stack(0x000000e94e400000,0x000000e94e500000) (1024K)]
  0x000002561cf3ac70 WorkerThread "G1 Conc#2"                       [id=17900, stack(0x000000e94e500000,0x000000e94e600000) (1024K)]
  0x0000025616a82960 ConcurrentGCThread "G1 Refine#0"               [id=8940, stack(0x000000e94c800000,0x000000e94c900000) (1024K)]
  0x0000025616a83070 ConcurrentGCThread "G1 Service"                [id=31968, stack(0x000000e94c900000,0x000000e94ca00000) (1024K)]
Total: 18

Threads with active compile tasks:
C2 CompilerThread0  397995 24069       4       org.gradle.api.internal.artifacts.ivyservice.ivyresolve.parser.PomDomParser::getTextContent (94 bytes)
Total: 1

VM state: not at safepoint (normal execution)

VM Mutex/Monitor currently owned by a thread: None

Heap address: 0x0000000700000000, size: 4096 MB, Compressed Oops mode: Zero based, Oop shift amount: 3

CDS archive(s) not mapped
Compressed class space mapped at: 0x00000000b8000000-0x00000000f8000000, reserved size: 1073741824
UseCompressedClassPointers 1, UseCompactObjectHeaders 0
Narrow klass pointer bits 32, Max shift 3
Narrow klass base: 0x0000000000000000, Narrow klass shift: 0
Encoding Range: [0x0000000000000000 - 0x0000000100000000), (4294967296 bytes)
Klass Range:    [0x00000000b8000000 - 0x00000000f8000000), (1073741824 bytes)
Klass ID Range:  [3087007744 - 4160749561) (1073741817)
No protection zone.

GC Precious Log:
 CardTable entry size: 512
 Card Set container configuration: InlinePtr #cards 4 size 8 Array Of Cards #cards 16 size 48 Howl #buckets 8 coarsen threshold 3686 Howl Bitmap #cards 512 size 80 coarsen threshold 460 Card regions per heap region 1 cards per card region 4096
 CPUs: 12 total, 12 available
 Memory: 7829M
 Large Page Support: Disabled
 NUMA Support: Disabled
 Compressed Oops: Enabled (Zero based)
 Heap Region Size: 2M
 Heap Min Capacity: 8M
 Heap Initial Capacity: 124M
 Heap Max Capacity: 4G
 Pre-touch: Disabled
 Parallel Workers: 10
 Concurrent Workers: 3
 Concurrent Refinement Workers: 10
 Periodic GC: Disabled

Heap:
 garbage-first heap   total reserved 4194304K, committed 331776K, used 249013K [0x0000000700000000, 0x0000000800000000)
  region size 2048K, 33 young (67584K), 7 survivors (14336K)

Heap Regions: E=young(eden), S=young(survivor), O=old, HS=humongous(starts), HC=humongous(continues), CS=collection set, F=free, TAMS=top-at-mark-start, PB=parsable bottom
|   0|0x0000000700000000, 0x0000000700200000, 0x0000000700200000|100%|HS|  |TAMS 0x0000000700000000| PB 0x0000000700000000| Complete |  0
|   1|0x0000000700200000, 0x0000000700400000, 0x0000000700400000|100%|HC|  |TAMS 0x0000000700200000| PB 0x0000000700200000| Complete |  0
|   2|0x0000000700400000, 0x0000000700600000, 0x0000000700600000|100%| O|  |TAMS 0x0000000700400000| PB 0x0000000700400000| Untracked |  0
|   3|0x0000000700600000, 0x0000000700800000, 0x0000000700800000|100%| O|  |TAMS 0x0000000700600000| PB 0x0000000700600000| Untracked |  0
|   4|0x0000000700800000, 0x0000000700a00000, 0x0000000700a00000|100%| O|  |TAMS 0x0000000700800000| PB 0x0000000700800000| Untracked |  0
|   5|0x0000000700a00000, 0x0000000700c00000, 0x0000000700c00000|100%| O|  |TAMS 0x0000000700a00000| PB 0x0000000700a00000| Untracked |  0
|   6|0x0000000700c00000, 0x0000000700e00000, 0x0000000700e00000|100%| O|  |TAMS 0x0000000700c00000| PB 0x0000000700c00000| Untracked |  0
|   7|0x0000000700e00000, 0x0000000701000000, 0x0000000701000000|100%| O|  |TAMS 0x0000000700e00000| PB 0x0000000700e00000| Untracked |  0
|   8|0x0000000701000000, 0x0000000701200000, 0x0000000701200000|100%| O|  |TAMS 0x0000000701000000| PB 0x0000000701000000| Untracked |  0
|   9|0x0000000701200000, 0x0000000701400000, 0x0000000701400000|100%| O|  |TAMS 0x0000000701200000| PB 0x0000000701200000| Untracked |  0
|  10|0x0000000701400000, 0x0000000701600000, 0x0000000701600000|100%| O|  |TAMS 0x0000000701400000| PB 0x0000000701400000| Untracked |  0
|  11|0x0000000701600000, 0x0000000701800000, 0x0000000701800000|100%| O|  |TAMS 0x0000000701600000| PB 0x0000000701600000| Untracked |  0
|  12|0x0000000701800000, 0x0000000701a00000, 0x0000000701a00000|100%| O|  |TAMS 0x0000000701800000| PB 0x0000000701800000| Untracked |  0
|  13|0x0000000701a00000, 0x0000000701c00000, 0x0000000701c00000|100%|HS|  |TAMS 0x0000000701a00000| PB 0x0000000701a00000| Complete |  0
|  14|0x0000000701c00000, 0x0000000701e00000, 0x0000000701e00000|100%|HC|  |TAMS 0x0000000701c00000| PB 0x0000000701c00000| Complete |  0
|  15|0x0000000701e00000, 0x0000000702000000, 0x0000000702000000|100%|HC|  |TAMS 0x0000000701e00000| PB 0x0000000701e00000| Complete |  0
|  16|0x0000000702000000, 0x0000000702200000, 0x0000000702200000|100%| O|  |TAMS 0x0000000702000000| PB 0x0000000702000000| Untracked |  0
|  17|0x0000000702200000, 0x0000000702400000, 0x0000000702400000|100%| O|  |TAMS 0x0000000702200000| PB 0x0000000702200000| Untracked |  0
|  18|0x0000000702400000, 0x0000000702600000, 0x0000000702600000|100%| O|  |TAMS 0x0000000702400000| PB 0x0000000702400000| Untracked |  0
|  19|0x0000000702600000, 0x0000000702800000, 0x0000000702800000|100%| O|  |TAMS 0x0000000702600000| PB 0x0000000702600000| Untracked |  0
|  20|0x0000000702800000, 0x0000000702a00000, 0x0000000702a00000|100%| O|  |TAMS 0x0000000702800000| PB 0x0000000702800000| Untracked |  0
|  21|0x0000000702a00000, 0x0000000702c00000, 0x0000000702c00000|100%|HS|  |TAMS 0x0000000702a00000| PB 0x0000000702a00000| Complete |  0
|  22|0x0000000702c00000, 0x0000000702e00000, 0x0000000702e00000|100%|HC|  |TAMS 0x0000000702c00000| PB 0x0000000702c00000| Complete |  0
|  23|0x0000000702e00000, 0x0000000703000000, 0x0000000703000000|100%|HC|  |TAMS 0x0000000702e00000| PB 0x0000000702e00000| Complete |  0
|  24|0x0000000703000000, 0x0000000703200000, 0x0000000703200000|100%| O|  |TAMS 0x0000000703000000| PB 0x0000000703000000| Untracked |  0
|  25|0x0000000703200000, 0x0000000703400000, 0x0000000703400000|100%| O|  |TAMS 0x0000000703200000| PB 0x0000000703200000| Untracked |  0
|  26|0x0000000703400000, 0x0000000703600000, 0x0000000703600000|100%| O|  |TAMS 0x0000000703400000| PB 0x0000000703400000| Untracked |  0
|  27|0x0000000703600000, 0x0000000703800000, 0x0000000703800000|100%| O|  |TAMS 0x0000000703600000| PB 0x0000000703600000| Untracked |  0
|  28|0x0000000703800000, 0x0000000703a00000, 0x0000000703a00000|100%|HS|  |TAMS 0x0000000703800000| PB 0x0000000703800000| Complete |  0
|  29|0x0000000703a00000, 0x0000000703c00000, 0x0000000703c00000|100%| O|  |TAMS 0x0000000703a00000| PB 0x0000000703a00000| Untracked |  0
|  30|0x0000000703c00000, 0x0000000703e00000, 0x0000000703e00000|100%| O|  |TAMS 0x0000000703c00000| PB 0x0000000703c00000| Untracked |  0
|  31|0x0000000703e00000, 0x0000000704000000, 0x0000000704000000|100%| O|  |TAMS 0x0000000703e00000| PB 0x0000000703e00000| Untracked |  0
|  32|0x0000000704000000, 0x0000000704200000, 0x0000000704200000|100%| O|  |TAMS 0x0000000704000000| PB 0x0000000704000000| Untracked |  0
|  33|0x0000000704200000, 0x0000000704400000, 0x0000000704400000|100%| O|Cm|TAMS 0x0000000704200000| PB 0x0000000704200000| Complete |  0
|  34|0x0000000704400000, 0x0000000704600000, 0x0000000704600000|100%| O|  |TAMS 0x0000000704400000| PB 0x0000000704400000| Untracked |  0
|  35|0x0000000704600000, 0x0000000704800000, 0x0000000704800000|100%| O|  |TAMS 0x0000000704600000| PB 0x0000000704600000| Untracked |  0
|  36|0x0000000704800000, 0x0000000704a00000, 0x0000000704a00000|100%|HS|  |TAMS 0x0000000704800000| PB 0x0000000704800000| Complete |  0
|  37|0x0000000704a00000, 0x0000000704c00000, 0x0000000704c00000|100%| O|  |TAMS 0x0000000704a00000| PB 0x0000000704a00000| Untracked |  0
|  38|0x0000000704c00000, 0x0000000704e00000, 0x0000000704e00000|100%| O|  |TAMS 0x0000000704c00000| PB 0x0000000704c00000| Untracked |  0
|  39|0x0000000704e00000, 0x0000000705000000, 0x0000000705000000|100%| O|  |TAMS 0x0000000704e00000| PB 0x0000000704e00000| Untracked |  0
|  40|0x0000000705000000, 0x0000000705200000, 0x0000000705200000|100%| O|  |TAMS 0x0000000705000000| PB 0x0000000705000000| Untracked |  0
|  41|0x0000000705200000, 0x0000000705400000, 0x0000000705400000|100%| O|  |TAMS 0x0000000705200000| PB 0x0000000705200000| Untracked |  0
|  42|0x0000000705400000, 0x0000000705600000, 0x0000000705600000|100%| O|  |TAMS 0x0000000705400000| PB 0x0000000705400000| Untracked |  0
|  43|0x0000000705600000, 0x0000000705800000, 0x0000000705800000|100%| O|  |TAMS 0x0000000705600000| PB 0x0000000705600000| Untracked |  0
|  44|0x0000000705800000, 0x0000000705a00000, 0x0000000705a00000|100%| O|  |TAMS 0x0000000705800000| PB 0x0000000705800000| Untracked |  0
|  45|0x0000000705a00000, 0x0000000705c00000, 0x0000000705c00000|100%| O|  |TAMS 0x0000000705a00000| PB 0x0000000705a00000| Untracked |  0
|  46|0x0000000705c00000, 0x0000000705e00000, 0x0000000705e00000|100%| O|  |TAMS 0x0000000705c00000| PB 0x0000000705c00000| Untracked |  0
|  47|0x0000000705e00000, 0x0000000706000000, 0x0000000706000000|100%| O|  |TAMS 0x0000000705e00000| PB 0x0000000705e00000| Untracked |  0
|  48|0x0000000706000000, 0x0000000706200000, 0x0000000706200000|100%| O|  |TAMS 0x0000000706000000| PB 0x0000000706000000| Untracked |  0
|  49|0x0000000706200000, 0x0000000706400000, 0x0000000706400000|100%| O|  |TAMS 0x0000000706200000| PB 0x0000000706200000| Untracked |  0
|  50|0x0000000706400000, 0x0000000706600000, 0x0000000706600000|100%| O|  |TAMS 0x0000000706400000| PB 0x0000000706400000| Untracked |  0
|  51|0x0000000706600000, 0x0000000706800000, 0x0000000706800000|100%| O|  |TAMS 0x0000000706600000| PB 0x0000000706600000| Untracked |  0
|  52|0x0000000706800000, 0x0000000706a00000, 0x0000000706a00000|100%| O|  |TAMS 0x0000000706800000| PB 0x0000000706800000| Untracked |  0
|  53|0x0000000706a00000, 0x0000000706c00000, 0x0000000706c00000|100%| O|  |TAMS 0x0000000706a00000| PB 0x0000000706a00000| Untracked |  0
|  54|0x0000000706c00000, 0x0000000706e00000, 0x0000000706e00000|100%| O|  |TAMS 0x0000000706c00000| PB 0x0000000706c00000| Untracked |  0
|  55|0x0000000706e00000, 0x0000000707000000, 0x0000000707000000|100%| O|  |TAMS 0x0000000706e00000| PB 0x0000000706e00000| Untracked |  0
|  56|0x0000000707000000, 0x0000000707200000, 0x0000000707200000|100%| O|  |TAMS 0x0000000707000000| PB 0x0000000707000000| Untracked |  0
|  57|0x0000000707200000, 0x0000000707400000, 0x0000000707400000|100%| O|  |TAMS 0x0000000707200000| PB 0x0000000707200000| Untracked |  0
|  58|0x0000000707400000, 0x0000000707600000, 0x0000000707600000|100%| O|  |TAMS 0x0000000707400000| PB 0x0000000707400000| Untracked |  0
|  59|0x0000000707600000, 0x0000000707800000, 0x0000000707800000|100%| O|  |TAMS 0x0000000707600000| PB 0x0000000707600000| Untracked |  0
|  60|0x0000000707800000, 0x0000000707a00000, 0x0000000707a00000|100%| O|  |TAMS 0x0000000707800000| PB 0x0000000707800000| Untracked |  0
|  61|0x0000000707a00000, 0x0000000707c00000, 0x0000000707c00000|100%| O|  |TAMS 0x0000000707a00000| PB 0x0000000707a00000| Untracked |  0
|  62|0x0000000707c00000, 0x0000000707e00000, 0x0000000707e00000|100%| O|  |TAMS 0x0000000707c00000| PB 0x0000000707c00000| Untracked |  0
|  63|0x0000000707e00000, 0x0000000708000000, 0x0000000708000000|100%| O|  |TAMS 0x0000000707e00000| PB 0x0000000707e00000| Untracked |  0
|  64|0x0000000708000000, 0x0000000708200000, 0x0000000708200000|100%| O|Cm|TAMS 0x0000000708000000| PB 0x0000000708000000| Complete |  0
|  65|0x0000000708200000, 0x0000000708400000, 0x0000000708400000|100%| O|Cm|TAMS 0x0000000708200000| PB 0x0000000708200000| Complete |  0
|  66|0x0000000708400000, 0x0000000708600000, 0x0000000708600000|100%| O|Cm|TAMS 0x0000000708400000| PB 0x0000000708400000| Complete |  0
|  67|0x0000000708600000, 0x0000000708800000, 0x0000000708800000|100%| O|  |TAMS 0x0000000708600000| PB 0x0000000708600000| Untracked |  0
|  68|0x0000000708800000, 0x0000000708a00000, 0x0000000708a00000|100%| O|Cm|TAMS 0x0000000708800000| PB 0x0000000708800000| Complete |  0
|  69|0x0000000708a00000, 0x0000000708c00000, 0x0000000708c00000|100%| O|  |TAMS 0x0000000708a00000| PB 0x0000000708a00000| Untracked |  0
|  70|0x0000000708c00000, 0x0000000708e00000, 0x0000000708e00000|100%| O|  |TAMS 0x0000000708c00000| PB 0x0000000708c00000| Untracked |  0
|  71|0x0000000708e00000, 0x0000000709000000, 0x0000000709000000|100%| O|  |TAMS 0x0000000708e00000| PB 0x0000000708e00000| Untracked |  0
|  72|0x0000000709000000, 0x0000000709200000, 0x0000000709200000|100%| O|  |TAMS 0x0000000709000000| PB 0x0000000709000000| Untracked |  0
|  73|0x0000000709200000, 0x0000000709400000, 0x0000000709400000|100%| O|  |TAMS 0x0000000709200000| PB 0x0000000709200000| Untracked |  0
|  74|0x0000000709400000, 0x0000000709400000, 0x0000000709600000|  0%| F|  |TAMS 0x0000000709400000| PB 0x0000000709400000| Untracked |  0
|  75|0x0000000709600000, 0x0000000709600000, 0x0000000709800000|  0%| F|  |TAMS 0x0000000709600000| PB 0x0000000709600000| Untracked |  0
|  76|0x0000000709800000, 0x0000000709800000, 0x0000000709a00000|  0%| F|  |TAMS 0x0000000709800000| PB 0x0000000709800000| Untracked |  0
|  77|0x0000000709a00000, 0x0000000709c00000, 0x0000000709c00000|100%| O|  |TAMS 0x0000000709a00000| PB 0x0000000709a00000| Untracked |  0
|  78|0x0000000709c00000, 0x0000000709e00000, 0x0000000709e00000|100%| O|  |TAMS 0x0000000709c00000| PB 0x0000000709c00000| Untracked |  0
|  79|0x0000000709e00000, 0x0000000709e00000, 0x000000070a000000|  0%| F|  |TAMS 0x0000000709e00000| PB 0x0000000709e00000| Untracked |  0
|  80|0x000000070a000000, 0x000000070a000000, 0x000000070a200000|  0%| F|  |TAMS 0x000000070a000000| PB 0x000000070a000000| Untracked |  0
|  81|0x000000070a200000, 0x000000070a400000, 0x000000070a400000|100%| O|Cm|TAMS 0x000000070a200000| PB 0x000000070a200000| Complete |  0
|  82|0x000000070a400000, 0x000000070a600000, 0x000000070a600000|100%| O|Cm|TAMS 0x000000070a400000| PB 0x000000070a400000| Complete |  0
|  83|0x000000070a600000, 0x000000070a800000, 0x000000070a800000|100%| O|Cm|TAMS 0x000000070a600000| PB 0x000000070a600000| Complete |  0
|  84|0x000000070a800000, 0x000000070a800000, 0x000000070aa00000|  0%| F|  |TAMS 0x000000070a800000| PB 0x000000070a800000| Untracked |  0
|  85|0x000000070aa00000, 0x000000070ac00000, 0x000000070ac00000|100%| O|  |TAMS 0x000000070aa00000| PB 0x000000070aa00000| Untracked |  0
|  86|0x000000070ac00000, 0x000000070ae00000, 0x000000070ae00000|100%| O|  |TAMS 0x000000070ac00000| PB 0x000000070ac00000| Untracked |  0
|  87|0x000000070ae00000, 0x000000070b000000, 0x000000070b000000|100%| S|CS|TAMS 0x000000070ae00000| PB 0x000000070ae00000| Complete |  0
|  88|0x000000070b000000, 0x000000070b200000, 0x000000070b200000|100%| S|CS|TAMS 0x000000070b000000| PB 0x000000070b000000| Complete |  0
|  89|0x000000070b200000, 0x000000070b400000, 0x000000070b400000|100%| S|CS|TAMS 0x000000070b200000| PB 0x000000070b200000| Complete |  0
|  90|0x000000070b400000, 0x000000070b600000, 0x000000070b600000|100%| S|CS|TAMS 0x000000070b400000| PB 0x000000070b400000| Complete |  0
|  91|0x000000070b600000, 0x000000070b800000, 0x000000070b800000|100%| S|CS|TAMS 0x000000070b600000| PB 0x000000070b600000| Complete |  0
|  92|0x000000070b800000, 0x000000070b800000, 0x000000070ba00000|  0%| F|  |TAMS 0x000000070b800000| PB 0x000000070b800000| Untracked |  0
|  93|0x000000070ba00000, 0x000000070ba00000, 0x000000070bc00000|  0%| F|  |TAMS 0x000000070ba00000| PB 0x000000070ba00000| Untracked |  0
|  94|0x000000070bc00000, 0x000000070bc00000, 0x000000070be00000|  0%| F|  |TAMS 0x000000070bc00000| PB 0x000000070bc00000| Untracked |  0
|  95|0x000000070be00000, 0x000000070be00000, 0x000000070c000000|  0%| F|  |TAMS 0x000000070be00000| PB 0x000000070be00000| Untracked |  0
|  96|0x000000070c000000, 0x000000070c000000, 0x000000070c200000|  0%| F|  |TAMS 0x000000070c000000| PB 0x000000070c000000| Untracked |  0
|  97|0x000000070c200000, 0x000000070c200000, 0x000000070c400000|  0%| F|  |TAMS 0x000000070c200000| PB 0x000000070c200000| Untracked |  0
|  98|0x000000070c400000, 0x000000070c400000, 0x000000070c600000|  0%| F|  |TAMS 0x000000070c400000| PB 0x000000070c400000| Untracked |  0
|  99|0x000000070c600000, 0x000000070c600000, 0x000000070c800000|  0%| F|  |TAMS 0x000000070c600000| PB 0x000000070c600000| Untracked |  0
| 100|0x000000070c800000, 0x000000070c800000, 0x000000070ca00000|  0%| F|  |TAMS 0x000000070c800000| PB 0x000000070c800000| Untracked |  0
| 101|0x000000070ca00000, 0x000000070ca00000, 0x000000070cc00000|  0%| F|  |TAMS 0x000000070ca00000| PB 0x000000070ca00000| Untracked |  0
| 102|0x000000070cc00000, 0x000000070cc00000, 0x000000070ce00000|  0%| F|  |TAMS 0x000000070cc00000| PB 0x000000070cc00000| Untracked |  0
| 103|0x000000070ce00000, 0x000000070ce00000, 0x000000070d000000|  0%| F|  |TAMS 0x000000070ce00000| PB 0x000000070ce00000| Untracked |  0
| 104|0x000000070d000000, 0x000000070d000000, 0x000000070d200000|  0%| F|  |TAMS 0x000000070d000000| PB 0x000000070d000000| Untracked |  0
| 105|0x000000070d200000, 0x000000070d200000, 0x000000070d400000|  0%| F|  |TAMS 0x000000070d200000| PB 0x000000070d200000| Untracked |  0
| 106|0x000000070d400000, 0x000000070d400000, 0x000000070d600000|  0%| F|  |TAMS 0x000000070d400000| PB 0x000000070d400000| Untracked |  0
| 107|0x000000070d600000, 0x000000070d600000, 0x000000070d800000|  0%| F|  |TAMS 0x000000070d600000| PB 0x000000070d600000| Untracked |  0
| 108|0x000000070d800000, 0x000000070d800000, 0x000000070da00000|  0%| F|  |TAMS 0x000000070d800000| PB 0x000000070d800000| Untracked |  0
| 109|0x000000070da00000, 0x000000070da00000, 0x000000070dc00000|  0%| F|  |TAMS 0x000000070da00000| PB 0x000000070da00000| Untracked |  0
| 110|0x000000070dc00000, 0x000000070dc00000, 0x000000070de00000|  0%| F|  |TAMS 0x000000070dc00000| PB 0x000000070dc00000| Untracked |  0
| 111|0x000000070de00000, 0x000000070de00000, 0x000000070e000000|  0%| F|  |TAMS 0x000000070de00000| PB 0x000000070de00000| Untracked |  0
| 112|0x000000070e000000, 0x000000070e000000, 0x000000070e200000|  0%| F|  |TAMS 0x000000070e000000| PB 0x000000070e000000| Untracked |  0
| 113|0x000000070e200000, 0x000000070e200000, 0x000000070e400000|  0%| F|  |TAMS 0x000000070e200000| PB 0x000000070e200000| Untracked |  0
| 114|0x000000070e400000, 0x000000070e400000, 0x000000070e600000|  0%| F|  |TAMS 0x000000070e400000| PB 0x000000070e400000| Untracked |  0
| 115|0x000000070e600000, 0x000000070e600000, 0x000000070e800000|  0%| F|  |TAMS 0x000000070e600000| PB 0x000000070e600000| Untracked |  0
| 116|0x000000070e800000, 0x000000070e800000, 0x000000070ea00000|  0%| F|  |TAMS 0x000000070e800000| PB 0x000000070e800000| Untracked |  0
| 117|0x000000070ea00000, 0x000000070ea00000, 0x000000070ec00000|  0%| F|  |TAMS 0x000000070ea00000| PB 0x000000070ea00000| Untracked |  0
| 118|0x000000070ec00000, 0x000000070ec00000, 0x000000070ee00000|  0%| F|  |TAMS 0x000000070ec00000| PB 0x000000070ec00000| Untracked |  0
| 119|0x000000070ee00000, 0x000000070ee00000, 0x000000070f000000|  0%| F|  |TAMS 0x000000070ee00000| PB 0x000000070ee00000| Untracked |  0
| 120|0x000000070f000000, 0x000000070f000000, 0x000000070f200000|  0%| F|  |TAMS 0x000000070f000000| PB 0x000000070f000000| Untracked |  0
| 121|0x000000070f200000, 0x000000070f200000, 0x000000070f400000|  0%| F|  |TAMS 0x000000070f200000| PB 0x000000070f200000| Untracked |  0
| 122|0x000000070f400000, 0x000000070f400000, 0x000000070f600000|  0%| F|  |TAMS 0x000000070f400000| PB 0x000000070f400000| Untracked |  0
| 123|0x000000070f600000, 0x000000070f600000, 0x000000070f800000|  0%| F|  |TAMS 0x000000070f600000| PB 0x000000070f600000| Untracked |  0
| 124|0x000000070f800000, 0x000000070f800000, 0x000000070fa00000|  0%| F|  |TAMS 0x000000070f800000| PB 0x000000070f800000| Untracked |  0
| 125|0x000000070fa00000, 0x000000070fb45850, 0x000000070fc00000| 63%| E|  |TAMS 0x000000070fa00000| PB 0x000000070fa00000| Complete |  0
| 126|0x000000070fc00000, 0x000000070fe00000, 0x000000070fe00000|100%| E|CS|TAMS 0x000000070fc00000| PB 0x000000070fc00000| Complete |  0
| 127|0x000000070fe00000, 0x0000000710000000, 0x0000000710000000|100%| E|CS|TAMS 0x000000070fe00000| PB 0x000000070fe00000| Complete |  0
| 128|0x0000000710000000, 0x0000000710200000, 0x0000000710200000|100%| E|CS|TAMS 0x0000000710000000| PB 0x0000000710000000| Complete |  0
| 129|0x0000000710200000, 0x0000000710400000, 0x0000000710400000|100%| E|CS|TAMS 0x0000000710200000| PB 0x0000000710200000| Complete |  0
| 130|0x0000000710400000, 0x0000000710600000, 0x0000000710600000|100%| E|CS|TAMS 0x0000000710400000| PB 0x0000000710400000| Complete |  0
| 131|0x0000000710600000, 0x0000000710800000, 0x0000000710800000|100%| E|CS|TAMS 0x0000000710600000| PB 0x0000000710600000| Complete |  0
| 132|0x0000000710800000, 0x0000000710a00000, 0x0000000710a00000|100%| E|CS|TAMS 0x0000000710800000| PB 0x0000000710800000| Complete |  0
| 133|0x0000000710a00000, 0x0000000710c00000, 0x0000000710c00000|100%| E|CS|TAMS 0x0000000710a00000| PB 0x0000000710a00000| Complete |  0
| 134|0x0000000710c00000, 0x0000000710e00000, 0x0000000710e00000|100%| S|CS|TAMS 0x0000000710c00000| PB 0x0000000710c00000| Complete |  0
| 135|0x0000000710e00000, 0x0000000710fbc000, 0x0000000711000000| 86%| S|CS|TAMS 0x0000000710e00000| PB 0x0000000710e00000| Complete |  0
| 136|0x0000000711000000, 0x0000000711200000, 0x0000000711200000|100%| E|CS|TAMS 0x0000000711000000| PB 0x0000000711000000| Complete |  0
| 137|0x0000000711200000, 0x0000000711400000, 0x0000000711400000|100%| E|CS|TAMS 0x0000000711200000| PB 0x0000000711200000| Complete |  0
| 138|0x0000000711400000, 0x0000000711600000, 0x0000000711600000|100%| E|CS|TAMS 0x0000000711400000| PB 0x0000000711400000| Complete |  0
| 139|0x0000000711600000, 0x0000000711800000, 0x0000000711800000|100%| E|CS|TAMS 0x0000000711600000| PB 0x0000000711600000| Complete |  0
| 140|0x0000000711800000, 0x0000000711a00000, 0x0000000711a00000|100%| E|CS|TAMS 0x0000000711800000| PB 0x0000000711800000| Complete |  0
| 141|0x0000000711a00000, 0x0000000711c00000, 0x0000000711c00000|100%| E|CS|TAMS 0x0000000711a00000| PB 0x0000000711a00000| Complete |  0
| 142|0x0000000711c00000, 0x0000000711e00000, 0x0000000711e00000|100%| E|CS|TAMS 0x0000000711c00000| PB 0x0000000711c00000| Complete |  0
| 143|0x0000000711e00000, 0x0000000712000000, 0x0000000712000000|100%| E|CS|TAMS 0x0000000711e00000| PB 0x0000000711e00000| Complete |  0
| 144|0x0000000712000000, 0x0000000712200000, 0x0000000712200000|100%| E|CS|TAMS 0x0000000712000000| PB 0x0000000712000000| Complete |  0
| 145|0x0000000712200000, 0x0000000712400000, 0x0000000712400000|100%| E|CS|TAMS 0x0000000712200000| PB 0x0000000712200000| Complete |  0
| 146|0x0000000712400000, 0x0000000712600000, 0x0000000712600000|100%| E|CS|TAMS 0x0000000712400000| PB 0x0000000712400000| Complete |  0
| 147|0x0000000712600000, 0x0000000712800000, 0x0000000712800000|100%| E|CS|TAMS 0x0000000712600000| PB 0x0000000712600000| Complete |  0
| 148|0x0000000712800000, 0x0000000712a00000, 0x0000000712a00000|100%| E|CS|TAMS 0x0000000712800000| PB 0x0000000712800000| Complete |  0
|2035|0x00000007fe600000, 0x00000007fe771630, 0x00000007fe800000| 72%| O|  |TAMS 0x00000007fe600000| PB 0x00000007fe600000| Untracked |  0
|2036|0x00000007fe800000, 0x00000007fea00000, 0x00000007fea00000|100%| O|  |TAMS 0x00000007fe800000| PB 0x00000007fe800000| Untracked |  0
|2037|0x00000007fea00000, 0x00000007fec00000, 0x00000007fec00000|100%| O|  |TAMS 0x00000007fea00000| PB 0x00000007fea00000| Untracked |  0
|2038|0x00000007fec00000, 0x00000007fee00000, 0x00000007fee00000|100%| O|  |TAMS 0x00000007fec00000| PB 0x00000007fec00000| Untracked |  0
|2039|0x00000007fee00000, 0x00000007ff000000, 0x00000007ff000000|100%| E|CS|TAMS 0x00000007fee00000| PB 0x00000007fee00000| Complete |  0
|2040|0x00000007ff000000, 0x00000007ff200000, 0x00000007ff200000|100%| E|CS|TAMS 0x00000007ff000000| PB 0x00000007ff000000| Complete |  0
|2041|0x00000007ff200000, 0x00000007ff400000, 0x00000007ff400000|100%| O|  |TAMS 0x00000007ff200000| PB 0x00000007ff200000| Untracked |  0
|2042|0x00000007ff400000, 0x00000007ff600000, 0x00000007ff600000|100%| O|  |TAMS 0x00000007ff400000| PB 0x00000007ff400000| Untracked |  0
|2043|0x00000007ff600000, 0x00000007ff800000, 0x00000007ff800000|100%| O|  |TAMS 0x00000007ff600000| PB 0x00000007ff600000| Untracked |  0
|2044|0x00000007ff800000, 0x00000007ffa00000, 0x00000007ffa00000|100%| E|CS|TAMS 0x00000007ff800000| PB 0x00000007ff800000| Complete |  0
|2045|0x00000007ffa00000, 0x00000007ffc00000, 0x00000007ffc00000|100%| E|CS|TAMS 0x00000007ffa00000| PB 0x00000007ffa00000| Complete |  0
|2046|0x00000007ffc00000, 0x00000007ffe00000, 0x00000007ffe00000|100%| O|  |TAMS 0x00000007ffc00000| PB 0x00000007ffc00000| Untracked |  0
|2047|0x00000007ffe00000, 0x0000000800000000, 0x0000000800000000|100%| O|  |TAMS 0x00000007ffe00000| PB 0x00000007ffe00000| Untracked |  0

Card table byte_map: [0x000002560fa50000,0x0000025610250000] _byte_map_base: 0x000002560c250000

Marking Bits: (CMBitMap*) 0x000002567c6d0c70
 Bits: [0x0000025610250000, 0x0000025614250000)

Polling page: 0x000002567be20000

Metaspace:
Metaspace        used 159861K, committed 162496K, reserved 1245184K
 class space     used 22245K, committed 23488K, reserved 1048576K

Usage:
  Non-class:    134.39 MB used.
      Class:     21.72 MB used.
       Both:    156.12 MB used.

Virtual space:
  Non-class space:      192.00 MB reserved,     135.75 MB ( 71%) committed,  3 nodes.
      Class space:        1.00 GB reserved,      22.94 MB (  2%) committed,  1 nodes.
             Both:        1.19 GB reserved,     158.69 MB ( 13%) committed. 

Chunk freelists:
   Non-Class:  7.91 MB
       Class:  9.03 MB
        Both:  16.94 MB

MaxMetaspaceSize: unlimited
CompressedClassSpaceSize: 1.00 GB
Initial GC threshold: 21.00 MB
Current GC threshold: 264.19 MB
CDS: off
 - commit_granule_bytes: 65536.
 - commit_granule_words: 8192.
 - virtual_space_node_default_size: 8388608.
 - enlarge_chunks_in_place: 1.
UseCompressedClassPointers 1, UseCompactObjectHeaders 0
Narrow klass pointer bits 32, Max shift 3
Narrow klass base: 0x0000000000000000, Narrow klass shift: 0
Encoding Range: [0x0000000000000000 - 0x0000000100000000), (4294967296 bytes)
Klass Range:    [0x00000000b8000000 - 0x00000000f8000000), (1073741824 bytes)
Klass ID Range:  [3087007744 - 4160749561) (1073741817)
No protection zone.


Internal statistics:

num_allocs_failed_limit: 6.
num_arena_births: 4902.
num_arena_deaths: 6.
num_vsnodes_births: 4.
num_vsnodes_deaths: 0.
num_space_committed: 2537.
num_space_uncommitted: 0.
num_chunks_returned_to_freelist: 14.
num_chunks_taken_from_freelist: 11234.
num_chunk_merges: 7.
num_chunk_splits: 7617.
num_chunks_enlarged: 5112.
num_inconsistent_stats: 0.

CodeHeap 'non-profiled nmethods': size=120064Kb used=10608Kb max_used=10805Kb free=109456Kb
 bounds [0x0000025607ae0000, 0x0000025608570000, 0x000002560f020000]
CodeHeap 'profiled nmethods': size=120064Kb used=26768Kb max_used=27087Kb free=93295Kb
 bounds [0x0000025600000000, 0x0000025601a80000, 0x0000025607540000]
CodeHeap 'non-nmethods': size=5760Kb used=2489Kb max_used=2616Kb free=3270Kb
 bounds [0x0000025607540000, 0x00000256077f0000, 0x0000025607ae0000]
CodeCache: size=245888Kb, used=39865Kb, max_used=40508Kb, free=206021Kb
 total_blobs=19096, nmethods=18038, adapters=959, full_count=0
Compilation: enabled, stopped_count=0, restarted_count=0

Compilation events (20 events):
Event: 397.827 Thread 0x0000025616c289c0 24067       3       sun.security.ec.ECOperations::<init> (120 bytes)
Event: 397.828 Thread 0x0000025616c289c0 nmethod 24067 0x0000025601225288 code [0x0000025601225380, 0x00000256012264b0]
Event: 397.828 Thread 0x0000025616c289c0 24068       3       sun.security.util.math.intpoly.P256OrderField::reduceIn (276 bytes)
Event: 397.828 Thread 0x0000025616c289c0 nmethod 24068 0x00000256006a1588 code [0x00000256006a1680, 0x00000256006a1ab8]
Event: 397.830 Thread 0x0000025616c26070 nmethod 24063 0x0000025608103188 code [0x0000025608103280, 0x0000025608103858]
Event: 397.830 Thread 0x0000025616c26070 24069       4       org.gradle.api.internal.artifacts.ivyservice.ivyresolve.parser.PomDomParser::getTextContent (94 bytes)
Event: 397.836 Thread 0x0000025616c289c0 24070   !   3       sun.security.ssl.HandshakeContext::dispatch (182 bytes)
Event: 397.837 Thread 0x0000025616c289c0 nmethod 24070 0x000002560078ec08 code [0x000002560078ed00, 0x0000025600790b00]
Event: 397.837 Thread 0x0000025616c289c0 24073       3       java.util.LinkedList::remove (5 bytes)
Event: 397.837 Thread 0x0000025616c289c0 nmethod 24073 0x00000256011f8108 code [0x00000256011f8200, 0x00000256011f84a0]
Event: 397.837 Thread 0x0000025616c289c0 24072       3       com.sun.org.apache.xerces.internal.dom.DocumentTypeImpl::setReadOnly (45 bytes)
Event: 397.838 Thread 0x0000025616c289c0 nmethod 24072 0x0000025601036108 code [0x0000025601036200, 0x00000256010367d0]
Event: 397.838 Thread 0x0000025616c289c0 24074       3       com.sun.crypto.provider.HKDFKeyDerivation::hkdfExtract (42 bytes)
Event: 397.839 Thread 0x0000025616c289c0 nmethod 24074 0x00000256002a7b88 code [0x00000256002a7c80, 0x00000256002a8368]
Event: 397.839 Thread 0x0000025616c289c0 24075   !   3       java.io.LineNumberReader::readLine (92 bytes)
Event: 397.839 Thread 0x0000025616c289c0 nmethod 24075 0x00000256009d4108 code [0x00000256009d4200, 0x00000256009d4650]
Event: 397.839 Thread 0x0000025616c289c0 24076       3       sun.security.util.math.intpoly.IntegerPolynomial$Element::asByteArray (36 bytes)
Event: 397.839 Thread 0x0000025616c289c0 nmethod 24076 0x0000025600c8a088 code [0x0000025600c8a180, 0x0000025600c8a470]
Event: 397.840 Thread 0x0000025616c289c0 24078       3       sun.security.ssl.SSLTrafficKeyDerivation::valueOf (70 bytes)
Event: 397.840 Thread 0x0000025616c289c0 nmethod 24078 0x0000025600e15a88 code [0x0000025600e15b80, 0x0000025600e15eb8]

GC Heap Usage History (20 events):
Event: 70.075 {heap Before GC invocations=67 (full 0):
 garbage-first heap   total reserved 4194304K, committed 256000K, used 237515K [0x0000000700000000, 0x0000000800000000)
  region size 2048K, 46 young (94208K), 5 survivors (10240K)
}
Event: 70.082 {heap After GC invocations=68 (full 0):
 garbage-first heap   total reserved 4194304K, committed 256000K, used 156610K [0x0000000700000000, 0x0000000800000000)
  region size 2048K, 4 young (8192K), 4 survivors (8192K)
}
Event: 88.089 {heap Before GC invocations=69 (full 0):
 garbage-first heap   total reserved 4194304K, committed 266240K, used 238530K [0x0000000700000000, 0x0000000800000000)
  region size 2048K, 44 young (90112K), 4 survivors (8192K)
}
Event: 88.093 {heap After GC invocations=70 (full 0):
 garbage-first heap   total reserved 4194304K, committed 266240K, used 156272K [0x0000000700000000, 0x0000000800000000)
  region size 2048K, 3 young (6144K), 3 survivors (6144K)
}
Event: 93.039 {heap Before GC invocations=70 (full 0):
 garbage-first heap   total reserved 4194304K, committed 266240K, used 248432K [0x0000000700000000, 0x0000000800000000)
  region size 2048K, 49 young (100352K), 3 survivors (6144K)
}
Event: 93.047 {heap After GC invocations=71 (full 0):
 garbage-first heap   total reserved 4194304K, committed 266240K, used 164077K [0x0000000700000000, 0x0000000800000000)
  region size 2048K, 4 young (8192K), 4 survivors (8192K)
}
Event: 95.374 {heap Before GC invocations=72 (full 0):
 garbage-first heap   total reserved 4194304K, committed 276480K, used 248045K [0x0000000700000000, 0x0000000800000000)
  region size 2048K, 45 young (92160K), 4 survivors (8192K)
}
Event: 95.381 {heap After GC invocations=73 (full 0):
 garbage-first heap   total reserved 4194304K, committed 276480K, used 158133K [0x0000000700000000, 0x0000000800000000)
  region size 2048K, 3 young (6144K), 3 survivors (6144K)
}
Event: 123.479 {heap Before GC invocations=73 (full 0):
 garbage-first heap   total reserved 4194304K, committed 276480K, used 256437K [0x0000000700000000, 0x0000000800000000)
  region size 2048K, 51 young (104448K), 3 survivors (6144K)
}
Event: 123.511 {heap After GC invocations=74 (full 0):
 garbage-first heap   total reserved 4194304K, committed 276480K, used 158002K [0x0000000700000000, 0x0000000800000000)
  region size 2048K, 2 young (4096K), 2 survivors (4096K)
}
Event: 126.880 {heap Before GC invocations=75 (full 0):
 garbage-first heap   total reserved 4194304K, committed 276480K, used 256306K [0x0000000700000000, 0x0000000800000000)
  region size 2048K, 51 young (104448K), 2 survivors (4096K)
}
Event: 126.896 {heap After GC invocations=76 (full 0):
 garbage-first heap   total reserved 4194304K, committed 276480K, used 167599K [0x0000000700000000, 0x0000000800000000)
  region size 2048K, 7 young (14336K), 7 survivors (14336K)
}
Event: 127.840 {heap Before GC invocations=76 (full 0):
 garbage-first heap   total reserved 4194304K, committed 276480K, used 255663K [0x0000000700000000, 0x0000000800000000)
  region size 2048K, 51 young (104448K), 7 survivors (14336K)
}
Event: 127.857 {heap After GC invocations=77 (full 0):
 garbage-first heap   total reserved 4194304K, committed 278528K, used 171828K [0x0000000700000000, 0x0000000800000000)
  region size 2048K, 3 young (6144K), 3 survivors (6144K)
}
Event: 390.845 {heap Before GC invocations=78 (full 0):
 garbage-first heap   total reserved 4194304K, committed 290816K, used 257844K [0x0000000700000000, 0x0000000800000000)
  region size 2048K, 46 young (94208K), 3 survivors (6144K)
}
Event: 390.923 {heap After GC invocations=79 (full 0):
 garbage-first heap   total reserved 4194304K, committed 290816K, used 175882K [0x0000000700000000, 0x0000000800000000)
  region size 2048K, 5 young (10240K), 5 survivors (10240K)
}
Event: 394.024 {heap Before GC invocations=79 (full 0):
 garbage-first heap   total reserved 4194304K, committed 290816K, used 270090K [0x0000000700000000, 0x0000000800000000)
  region size 2048K, 52 young (106496K), 5 survivors (10240K)
}
Event: 394.067 {heap After GC invocations=80 (full 0):
 garbage-first heap   total reserved 4194304K, committed 294912K, used 184350K [0x0000000700000000, 0x0000000800000000)
  region size 2048K, 7 young (14336K), 7 survivors (14336K)
}
Event: 395.680 {heap Before GC invocations=80 (full 0):
 garbage-first heap   total reserved 4194304K, committed 294912K, used 274462K [0x0000000700000000, 0x0000000800000000)
  region size 2048K, 52 young (106496K), 7 survivors (14336K)
}
Event: 395.705 {heap After GC invocations=81 (full 0):
 garbage-first heap   total reserved 4194304K, committed 305152K, used 197813K [0x0000000700000000, 0x0000000800000000)
  region size 2048K, 7 young (14336K), 7 survivors (14336K)
}

Metaspace Usage History (20 events):
Event: 70.075 {metaspace Before GC invocations=67 (full 0):
 Metaspace       used 139321K, committed 141696K, reserved 1179648K
  class space    used 19882K, committed 20992K, reserved 1048576K
}
Event: 70.082 {metaspace After GC invocations=68 (full 0):
 Metaspace       used 139321K, committed 141696K, reserved 1179648K
  class space    used 19882K, committed 20992K, reserved 1048576K
}
Event: 88.089 {metaspace Before GC invocations=69 (full 0):
 Metaspace       used 139340K, committed 141696K, reserved 1179648K
  class space    used 19881K, committed 20992K, reserved 1048576K
}
Event: 88.093 {metaspace After GC invocations=70 (full 0):
 Metaspace       used 139340K, committed 141696K, reserved 1179648K
  class space    used 19881K, committed 20992K, reserved 1048576K
}
Event: 93.039 {metaspace Before GC invocations=70 (full 0):
 Metaspace       used 139443K, committed 141824K, reserved 1179648K
  class space    used 19885K, committed 20992K, reserved 1048576K
}
Event: 93.047 {metaspace After GC invocations=71 (full 0):
 Metaspace       used 139443K, committed 141824K, reserved 1179648K
  class space    used 19885K, committed 20992K, reserved 1048576K
}
Event: 95.374 {metaspace Before GC invocations=72 (full 0):
 Metaspace       used 139455K, committed 141824K, reserved 1179648K
  class space    used 19885K, committed 20992K, reserved 1048576K
}
Event: 95.381 {metaspace After GC invocations=73 (full 0):
 Metaspace       used 139455K, committed 141824K, reserved 1179648K
  class space    used 19885K, committed 20992K, reserved 1048576K
}
Event: 123.479 {metaspace Before GC invocations=73 (full 0):
 Metaspace       used 139460K, committed 141824K, reserved 1179648K
  class space    used 19885K, committed 20992K, reserved 1048576K
}
Event: 123.511 {metaspace After GC invocations=74 (full 0):
 Metaspace       used 139460K, committed 141824K, reserved 1179648K
  class space    used 19885K, committed 20992K, reserved 1048576K
}
Event: 126.880 {metaspace Before GC invocations=75 (full 0):
 Metaspace       used 142936K, committed 145280K, reserved 1179648K
  class space    used 20308K, committed 21376K, reserved 1048576K
}
Event: 126.897 {metaspace After GC invocations=76 (full 0):
 Metaspace       used 142936K, committed 145280K, reserved 1179648K
  class space    used 20308K, committed 21376K, reserved 1048576K
}
Event: 127.840 {metaspace Before GC invocations=76 (full 0):
 Metaspace       used 150434K, committed 152832K, reserved 1179648K
  class space    used 21066K, committed 22208K, reserved 1048576K
}
Event: 127.857 {metaspace After GC invocations=77 (full 0):
 Metaspace       used 150434K, committed 152832K, reserved 1179648K
  class space    used 21066K, committed 22208K, reserved 1048576K
}
Event: 390.845 {metaspace Before GC invocations=78 (full 0):
 Metaspace       used 154363K, committed 156864K, reserved 1245184K
  class space    used 21548K, committed 22720K, reserved 1048576K
}
Event: 390.923 {metaspace After GC invocations=79 (full 0):
 Metaspace       used 154363K, committed 156864K, reserved 1245184K
  class space    used 21548K, committed 22720K, reserved 1048576K
}
Event: 394.024 {metaspace Before GC invocations=79 (full 0):
 Metaspace       used 157885K, committed 160512K, reserved 1245184K
  class space    used 21999K, committed 23232K, reserved 1048576K
}
Event: 394.067 {metaspace After GC invocations=80 (full 0):
 Metaspace       used 157885K, committed 160512K, reserved 1245184K
  class space    used 21999K, committed 23232K, reserved 1048576K
}
Event: 395.680 {metaspace Before GC invocations=80 (full 0):
 Metaspace       used 159751K, committed 162304K, reserved 1245184K
  class space    used 22230K, committed 23424K, reserved 1048576K
}
Event: 395.706 {metaspace After GC invocations=81 (full 0):
 Metaspace       used 159751K, committed 162304K, reserved 1245184K
  class space    used 22230K, committed 23424K, reserved 1048576K
}

Dll operation events (3 events):
Event: 0.010 Loaded shared library D:\Android Studio\jbr\bin\java.dll
Event: 0.013 Loaded shared library D:\Android Studio\jbr\bin\zip.dll
Event: 0.528 Loaded shared library D:\Android Studio\jbr\bin\verify.dll

Deoptimization events (20 events):
Event: 397.036 Thread 0x000002562014f4a0 DEOPT PACKING pc=0x00000256084fe28c sp=0x000000e94e2f6e70
Event: 397.037 Thread 0x000002562014f4a0 DEOPT UNPACKING pc=0x0000025607667e02 sp=0x000000e94e2f6e60 mode 2
Event: 397.037 Thread 0x000002562014f4a0 Uncommon trap: trap_request=0xffffffc6 fr.pc=0x00000256084fe28c relative=0x0000000000000e8c
Event: 397.037 Thread 0x000002562014f4a0 Uncommon trap: reason=bimorphic_or_optimized_type_check action=maybe_recompile pc=0x00000256084fe28c method=org.gradle.api.internal.collections.CollectionFilter.filter(Ljava/lang/Object;)Ljava/lang/Object; @ 27 c2
Event: 397.037 Thread 0x000002562014f4a0 DEOPT PACKING pc=0x00000256084fe28c sp=0x000000e94e2f6e70
Event: 397.037 Thread 0x000002562014f4a0 DEOPT UNPACKING pc=0x0000025607667e02 sp=0x000000e94e2f6e60 mode 2
Event: 397.037 Thread 0x000002562014f4a0 Uncommon trap: trap_request=0xffffffde fr.pc=0x0000025607c84cc0 relative=0x0000000000000140
Event: 397.037 Thread 0x000002562014f4a0 Uncommon trap: reason=class_check action=maybe_recompile pc=0x0000025607c84cc0 method=java.util.Spliterators$IteratorSpliterator.tryAdvance(Ljava/util/function/Consumer;)Z @ 68 c2
Event: 397.037 Thread 0x000002562014f4a0 DEOPT PACKING pc=0x0000025607c84cc0 sp=0x000000e94e2f7160
Event: 397.037 Thread 0x000002562014f4a0 DEOPT UNPACKING pc=0x0000025607667e02 sp=0x000000e94e2f70f8 mode 2
Event: 397.181 Thread 0x000002561e40c7c0 DEOPT PACKING pc=0x000002560113e3a6 sp=0x000000e950cfd2f0
Event: 397.181 Thread 0x000002561e40c7c0 DEOPT UNPACKING pc=0x00000256075912a2 sp=0x000000e950cfc7b8 mode 0
Event: 397.700 Thread 0x0000025626d18020 DEOPT PACKING pc=0x00000256016a96f8 sp=0x000000e9513fd4d0
Event: 397.700 Thread 0x000002561e410e10 DEOPT PACKING pc=0x00000256016a96f8 sp=0x000000e9510fd9c0
Event: 397.700 Thread 0x0000025626d19790 DEOPT PACKING pc=0x00000256016a96f8 sp=0x000000e9514fd640
Event: 397.700 Thread 0x0000025626d18020 DEOPT UNPACKING pc=0x00000256075912a2 sp=0x000000e9513fc9e0 mode 0
Event: 397.700 Thread 0x0000025626d19790 DEOPT UNPACKING pc=0x00000256075912a2 sp=0x000000e9514fcb50 mode 0
Event: 397.700 Thread 0x000002561e410e10 DEOPT UNPACKING pc=0x00000256075912a2 sp=0x000000e9510fced0 mode 0
Event: 397.812 Thread 0x0000025626d1e5b0 DEOPT PACKING pc=0x00000256016a96f8 sp=0x000000e9519fd070
Event: 397.814 Thread 0x0000025626d1e5b0 DEOPT UNPACKING pc=0x00000256075912a2 sp=0x000000e9519fc580 mode 0

Classes loaded (20 events):
Event: 392.338 Loading class jdk/jfr/FlightRecorder
Event: 392.339 Loading class jdk/jfr/FlightRecorder done
Event: 392.339 Loading class jdk/management/jfr/FlightRecorderMXBeanImpl$MXBeanListener
Event: 392.339 Loading class jdk/jfr/FlightRecorderListener
Event: 392.339 Loading class jdk/jfr/FlightRecorderListener done
Event: 392.339 Loading class jdk/management/jfr/FlightRecorderMXBeanImpl$MXBeanListener done
Event: 392.416 Loading class com/sun/jmx/mbeanserver/StandardMBeanSupport
Event: 392.416 Loading class com/sun/jmx/mbeanserver/StandardMBeanSupport done
Event: 392.416 Loading class com/sun/jmx/mbeanserver/StandardMBeanIntrospector
Event: 392.416 Loading class com/sun/jmx/mbeanserver/StandardMBeanIntrospector done
Event: 394.458 Loading class java/io/FilterReader
Event: 394.458 Loading class java/io/FilterReader done
Event: 394.506 Loading class java/lang/invoke/MethodHandleImpl$CountingWrapper$1
Event: 394.508 Loading class java/lang/invoke/MethodHandleImpl$CountingWrapper$1 done
Event: 396.267 Loading class sun/security/ssl/Alert
Event: 396.273 Loading class sun/security/ssl/Alert done
Event: 396.274 Loading class sun/security/ssl/Alert$AlertConsumer
Event: 396.275 Loading class sun/security/ssl/Alert$AlertConsumer done
Event: 396.275 Loading class sun/security/ssl/Alert$Level
Event: 396.275 Loading class sun/security/ssl/Alert$Level done

Classes unloaded (3 events):
Event: 70.153 Thread 0x0000025616be8be0 Unloading class 0x00000000b9448800 'java/lang/invoke/LambdaForm$DMH+0x00000000b9448800'
Event: 70.153 Thread 0x0000025616be8be0 Unloading class 0x00000000b9448400 'java/lang/invoke/LambdaForm$DMH+0x00000000b9448400'
Event: 395.984 Thread 0x0000025616be8be0 Unloading class 0x00000000b9054000 'java/lang/invoke/LambdaForm$MH+0x00000000b9054000'

Classes redefined (0 events):
No events

Internal exceptions (20 events):
Event: 397.847 Thread 0x0000025627630a50 Exception <a 'sun/nio/fs/WindowsException'{0x00000007100ae778}> (0x00000007100ae778) 
thrown [s\src\hotspot\share\prims\jni.cpp, line 535]
Event: 397.847 Thread 0x0000025627630a50 Exception <a 'sun/nio/fs/WindowsException'{0x00000007100af848}> (0x00000007100af848) 
thrown [s\src\hotspot\share\prims\jni.cpp, line 535]
Event: 397.848 Thread 0x0000025627630a50 Exception <a 'sun/nio/fs/WindowsException'{0x00000007100b1c80}> (0x00000007100b1c80) 
thrown [s\src\hotspot\share\prims\jni.cpp, line 535]
Event: 397.848 Thread 0x0000025627630a50 Exception <a 'sun/nio/fs/WindowsException'{0x00000007100b2978}> (0x00000007100b2978) 
thrown [s\src\hotspot\share\prims\jni.cpp, line 535]
Event: 397.848 Thread 0x0000025627630a50 Exception <a 'sun/nio/fs/WindowsException'{0x00000007100b3b58}> (0x00000007100b3b58) 
thrown [s\src\hotspot\share\prims\jni.cpp, line 535]
Event: 397.849 Thread 0x0000025627630a50 Exception <a 'sun/nio/fs/WindowsException'{0x00000007100b4d28}> (0x00000007100b4d28) 
thrown [s\src\hotspot\share\prims\jni.cpp, line 535]
Event: 397.849 Thread 0x0000025627630a50 Exception <a 'sun/nio/fs/WindowsException'{0x000000070fecb180}> (0x000000070fecb180) 
thrown [s\src\hotspot\share\prims\jni.cpp, line 535]
Event: 397.850 Thread 0x0000025626d18020 Exception <a 'sun/nio/fs/WindowsException'{0x00000007101e5d00}> (0x00000007101e5d00) 
thrown [s\src\hotspot\share\prims\jni.cpp, line 535]
Event: 397.850 Thread 0x0000025626d18020 Exception <a 'sun/nio/fs/WindowsException'{0x00000007101e6980}> (0x00000007101e6980) 
thrown [s\src\hotspot\share\prims\jni.cpp, line 535]
Event: 397.850 Thread 0x0000025626d18020 Exception <a 'sun/nio/fs/WindowsException'{0x00000007101e77d0}> (0x00000007101e77d0) 
thrown [s\src\hotspot\share\prims\jni.cpp, line 535]
Event: 397.850 Thread 0x000002561e4115e0 Exception <a 'sun/nio/fs/WindowsException'{0x00000007101f9910}> (0x00000007101f9910) 
thrown [s\src\hotspot\share\prims\jni.cpp, line 535]
Event: 397.850 Thread 0x0000025626d18020 Exception <a 'sun/nio/fs/WindowsException'{0x00000007101e85e8}> (0x00000007101e85e8) 
thrown [s\src\hotspot\share\prims\jni.cpp, line 535]
Event: 397.850 Thread 0x000002561e4115e0 Exception <a 'sun/nio/fs/WindowsException'{0x00000007101fa658}> (0x00000007101fa658) 
thrown [s\src\hotspot\share\prims\jni.cpp, line 535]
Event: 397.851 Thread 0x0000025626d18020 Exception <a 'sun/nio/fs/WindowsException'{0x00000007101e96c8}> (0x00000007101e96c8) 
thrown [s\src\hotspot\share\prims\jni.cpp, line 535]
Event: 397.851 Thread 0x000002561e410e10 Exception <a 'sun/nio/fs/WindowsException'{0x000000070feb9c28}> (0x000000070feb9c28) 
thrown [s\src\hotspot\share\prims\jni.cpp, line 535]
Event: 397.851 Thread 0x000002561e410e10 Exception <a 'sun/nio/fs/WindowsException'{0x000000070feba910}> (0x000000070feba910) 
thrown [s\src\hotspot\share\prims\jni.cpp, line 535]
Event: 397.852 Thread 0x0000025626d18020 Exception <a 'sun/nio/fs/WindowsException'{0x00000007101eaa48}> (0x00000007101eaa48) 
thrown [s\src\hotspot\share\prims\jni.cpp, line 535]
Event: 397.852 Thread 0x0000025626d18020 Exception <a 'sun/nio/fs/WindowsException'{0x00000007101ed0b8}> (0x00000007101ed0b8) 
thrown [s\src\hotspot\share\prims\jni.cpp, line 535]
Event: 397.853 Thread 0x0000025626d18020 Exception <a 'sun/nio/fs/WindowsException'{0x00000007101edd78}> (0x00000007101edd78) 
thrown [s\src\hotspot\share\prims\jni.cpp, line 535]
Event: 397.853 Thread 0x0000025626d18020 Exception <a 'sun/nio/fs/WindowsException'{0x00000007101eeaf0}> (0x00000007101eeaf0) 
thrown [s\src\hotspot\share\prims\jni.cpp, line 535]

VM Operations (20 events):
Event: 390.844 Executing safepoint VM operation: G1CollectForAllocation (G1 Evacuation Pause)
Event: 390.923 Executing safepoint VM operation: G1CollectForAllocation (G1 Evacuation Pause) done
Event: 392.012 Executing non-safepoint VM operation: HandshakeAllThreads (Deoptimize)
Event: 392.012 Executing non-safepoint VM operation: HandshakeAllThreads (Deoptimize) done
Event: 394.024 Executing safepoint VM operation: G1CollectForAllocation (G1 Evacuation Pause)
Event: 394.067 Executing safepoint VM operation: G1CollectForAllocation (G1 Evacuation Pause) done
Event: 394.652 Executing non-safepoint VM operation: HandshakeAllThreads (Deoptimize)
Event: 394.652 Executing non-safepoint VM operation: HandshakeAllThreads (Deoptimize) done
Event: 394.654 Executing non-safepoint VM operation: HandshakeAllThreads (Deoptimize)
Event: 394.655 Executing non-safepoint VM operation: HandshakeAllThreads (Deoptimize) done
Event: 394.693 Executing non-safepoint VM operation: HandshakeAllThreads (Deoptimize)
Event: 394.693 Executing non-safepoint VM operation: HandshakeAllThreads (Deoptimize) done
Event: 395.680 Executing safepoint VM operation: G1CollectForAllocation (G1 Evacuation Pause)
Event: 395.706 Executing safepoint VM operation: G1CollectForAllocation (G1 Evacuation Pause) done
Event: 395.982 Executing safepoint VM operation: G1PauseRemark
Event: 396.261 Executing safepoint VM operation: G1PauseRemark done
Event: 396.313 Executing safepoint VM operation: G1PauseCleanup
Event: 396.313 Executing safepoint VM operation: G1PauseCleanup done
Event: 397.024 Executing non-safepoint VM operation: HandshakeAllThreads (Deoptimize)
Event: 397.024 Executing non-safepoint VM operation: HandshakeAllThreads (Deoptimize) done

Memory protections (0 events):
No events

Nmethod flushes (20 events):
Event: 396.255 Thread 0x0000025616be8be0 flushing  nmethod 0x0000025600600208
Event: 396.255 Thread 0x0000025616be8be0 flushing  nmethod 0x000002560073c788
Event: 396.255 Thread 0x0000025616be8be0 flushing  nmethod 0x00000256007de788
Event: 396.255 Thread 0x0000025616be8be0 flushing  nmethod 0x0000025600829b88
Event: 396.255 Thread 0x0000025616be8be0 flushing  nmethod 0x00000256009d4108
Event: 396.255 Thread 0x0000025616be8be0 flushing  nmethod 0x0000025600a0f988
Event: 396.255 Thread 0x0000025616be8be0 flushing  nmethod 0x0000025600aa0c08
Event: 396.255 Thread 0x0000025616be8be0 flushing  nmethod 0x0000025600c46308
Event: 396.255 Thread 0x0000025616be8be0 flushing  nmethod 0x0000025600c46888
Event: 396.255 Thread 0x0000025616be8be0 flushing  nmethod 0x0000025600c47388
Event: 396.255 Thread 0x0000025616be8be0 flushing  nmethod 0x0000025600c47f88
Event: 396.255 Thread 0x0000025616be8be0 flushing  nmethod 0x0000025600c48288
Event: 396.255 Thread 0x0000025616be8be0 flushing  nmethod 0x0000025600c4a808
Event: 396.255 Thread 0x0000025616be8be0 flushing  nmethod 0x0000025600c4ab08
Event: 396.255 Thread 0x0000025616be8be0 flushing  nmethod 0x0000025600c8a088
Event: 396.255 Thread 0x0000025616be8be0 flushing  nmethod 0x0000025600fd6288
Event: 396.255 Thread 0x0000025616be8be0 flushing  nmethod 0x0000025600fd8908
Event: 396.255 Thread 0x0000025616be8be0 flushing  nmethod 0x0000025601152608
Event: 396.255 Thread 0x0000025616be8be0 flushing  nmethod 0x0000025601225288
Event: 396.255 Thread 0x0000025616be8be0 flushing  nmethod 0x00000256012da488

Events (20 events):
Event: 397.044 Thread 0x000002562014f4a0 Thread added: 0x000002561e40c7c0
Event: 397.044 Thread 0x000002562014f4a0 Thread added: 0x000002561e4071d0
Event: 397.044 Thread 0x000002562014f4a0 Thread added: 0x000002561e40df30
Event: 397.698 Thread 0x000002562014f4a0 Thread added: 0x000002561e410e10
Event: 397.698 Thread 0x000002562014f4a0 Thread added: 0x000002561e4115e0
Event: 397.698 Thread 0x000002562014f4a0 Thread added: 0x000002561e412580
Event: 397.698 Thread 0x000002562014f4a0 Thread added: 0x0000025626d18020
Event: 397.699 Thread 0x000002562014f4a0 Thread added: 0x0000025626d19790
Event: 397.699 Thread 0x000002562014f4a0 Thread added: 0x0000025626d1af00
Event: 397.699 Thread 0x000002562014f4a0 Thread added: 0x0000025626d1c670
Event: 397.699 Thread 0x000002562014f4a0 Thread added: 0x0000025626d1b6d0
Event: 397.699 Thread 0x000002562014f4a0 Thread added: 0x0000025626d18fc0
Event: 397.699 Thread 0x000002562014f4a0 Thread added: 0x0000025626d1e5b0
Event: 397.699 Thread 0x000002562014f4a0 Thread added: 0x000002562707c540
Event: 397.699 Thread 0x000002562014f4a0 Thread added: 0x0000025627630a50
Event: 397.699 Thread 0x000002562014f4a0 Thread added: 0x0000025627631220
Event: 397.699 Thread 0x000002562014f4a0 Thread added: 0x00000256276319f0
Event: 397.700 Thread 0x000002562014f4a0 Thread added: 0x00000256276321c0
Event: 397.700 Thread 0x000002562014f4a0 Thread added: 0x00000256287058a0
Event: 397.700 Thread 0x000002562014f4a0 Thread added: 0x0000025628704900


Dynamic libraries:
0x00007ff7e6ae0000 - 0x00007ff7e6aea000 	D:\Android Studio\jbr\bin\java.exe
0x00007ffaff770000 - 0x00007ffaff987000 	C:\WINDOWS\SYSTEM32\ntdll.dll
0x00007ffafd580000 - 0x00007ffafd644000 	C:\WINDOWS\System32\KERNEL32.DLL
0x00007ffafcd40000 - 0x00007ffafd110000 	C:\WINDOWS\System32\KERNELBASE.dll
0x00007ffafca80000 - 0x00007ffafcb91000 	C:\WINDOWS\System32\ucrtbase.dll
0x00007ffacb4e0000 - 0x00007ffacb4fb000 	D:\Android Studio\jbr\bin\VCRUNTIME140.dll
0x00007ffa87010000 - 0x00007ffa87026000 	D:\Android Studio\jbr\bin\jli.dll
0x00007ffafe540000 - 0x00007ffafe6ee000 	C:\WINDOWS\System32\USER32.dll
0x00007ffafca50000 - 0x00007ffafca76000 	C:\WINDOWS\System32\win32u.dll
0x00007ffadfe30000 - 0x00007ffae00c2000 	C:\WINDOWS\WinSxS\amd64_microsoft.windows.common-controls_6595b64144ccf1df_6.0.22621.4830_none_270fe7d773858e80\COMCTL32.dll
0x00007ffafe120000 - 0x00007ffafe149000 	C:\WINDOWS\System32\GDI32.dll
0x00007ffafe400000 - 0x00007ffafe4a7000 	C:\WINDOWS\System32\msvcrt.dll
0x00007ffafd280000 - 0x00007ffafd39b000 	C:\WINDOWS\System32\gdi32full.dll
0x00007ffafcba0000 - 0x00007ffafcc3a000 	C:\WINDOWS\System32\msvcp_win.dll
0x00007ffafe770000 - 0x00007ffafe7a1000 	C:\WINDOWS\System32\IMM32.DLL
0x00007ffaf6a90000 - 0x00007ffaf6a9c000 	D:\Android Studio\jbr\bin\vcruntime140_1.dll
0x00007ffa85bf0000 - 0x00007ffa85c7d000 	D:\Android Studio\jbr\bin\msvcp140.dll
0x00007ffa20ce0000 - 0x00007ffa21bbd000 	D:\Android Studio\jbr\bin\server\jvm.dll
0x00007ffafd650000 - 0x00007ffafd701000 	C:\WINDOWS\System32\ADVAPI32.dll
0x00007ffafecd0000 - 0x00007ffafed77000 	C:\WINDOWS\System32\sechost.dll
0x00007ffafca20000 - 0x00007ffafca48000 	C:\WINDOWS\System32\bcrypt.dll
0x00007ffafe1d0000 - 0x00007ffafe2e4000 	C:\WINDOWS\System32\RPCRT4.dll
0x00007ffafe6f0000 - 0x00007ffafe761000 	C:\WINDOWS\System32\WS2_32.dll
0x00007ffafb8c0000 - 0x00007ffafb90d000 	C:\WINDOWS\SYSTEM32\POWRPROF.dll
0x00007ffaf2140000 - 0x00007ffaf2174000 	C:\WINDOWS\SYSTEM32\WINMM.dll
0x00007ffaf2c30000 - 0x00007ffaf2c3a000 	C:\WINDOWS\SYSTEM32\VERSION.dll
0x00007ffafb8a0000 - 0x00007ffafb8b3000 	C:\WINDOWS\SYSTEM32\UMPDC.dll
0x00007ffafbb50000 - 0x00007ffafbb68000 	C:\WINDOWS\SYSTEM32\kernel.appcore.dll
0x00007ffaef9c0000 - 0x00007ffaef9ca000 	D:\Android Studio\jbr\bin\jimage.dll
0x00007ffaf9cc0000 - 0x00007ffaf9ef2000 	C:\WINDOWS\SYSTEM32\DBGHELP.DLL
0x00007ffaff1d0000 - 0x00007ffaff560000 	C:\WINDOWS\System32\combase.dll
0x00007ffafefe0000 - 0x00007ffaff0b7000 	C:\WINDOWS\System32\OLEAUT32.dll
0x00007ffad7c70000 - 0x00007ffad7ca2000 	C:\WINDOWS\SYSTEM32\dbgcore.DLL
0x00007ffafcc40000 - 0x00007ffafccbb000 	C:\WINDOWS\System32\bcryptPrimitives.dll
0x00007ffad7590000 - 0x00007ffad759e000 	D:\Android Studio\jbr\bin\instrument.dll
0x00007ffa88c30000 - 0x00007ffa88c4e000 	D:\Android Studio\jbr\bin\java.dll
0x00007ffafee30000 - 0x00007ffafefd1000 	C:\WINDOWS\System32\ole32.dll
0x00007ffafd890000 - 0x00007ffafe108000 	C:\WINDOWS\System32\SHELL32.dll
0x00007ffa87320000 - 0x00007ffa87336000 	D:\Android Studio\jbr\bin\zip.dll
0x00007ffafa970000 - 0x00007ffafb280000 	C:\WINDOWS\SYSTEM32\windows.storage.dll
0x00007ffafa830000 - 0x00007ffafa96f000 	C:\WINDOWS\SYSTEM32\wintypes.dll
0x00007ffafe2f0000 - 0x00007ffafe3fa000 	C:\WINDOWS\System32\SHCORE.dll
0x00007ffafedd0000 - 0x00007ffafee2e000 	C:\WINDOWS\System32\shlwapi.dll
0x00007ffafc950000 - 0x00007ffafc97b000 	C:\WINDOWS\SYSTEM32\profapi.dll
0x00007ffadf3a0000 - 0x00007ffadf3b0000 	D:\Android Studio\jbr\bin\net.dll
0x00007ffafbfd0000 - 0x00007ffafc03a000 	C:\WINDOWS\system32\mswsock.dll
0x00007ffa87260000 - 0x00007ffa87276000 	D:\Android Studio\jbr\bin\nio.dll
0x00007ffad8160000 - 0x00007ffad8170000 	D:\Android Studio\jbr\bin\verify.dll
0x00007ffacb540000 - 0x00007ffacb567000 	C:\Users\Awees\.gradle\native\660c5614fbf4a5f2a75b1949f50a0caf5cd603558e7d8a26e50b933a0cfb79d1\windows-amd64\native-platform.dll
0x00007ffa85ac0000 - 0x00007ffa85b37000 	C:\Users\Awees\.gradle\native\0.2.8\x86_64-windows-gnu\gradle-fileevents.dll
0x00007ffadf3d0000 - 0x00007ffadf3d9000 	D:\Android Studio\jbr\bin\management.dll
0x00007ffadf3c0000 - 0x00007ffadf3cb000 	D:\Android Studio\jbr\bin\management_ext.dll
0x00007ffafe110000 - 0x00007ffafe118000 	C:\WINDOWS\System32\PSAPI.DLL
0x00007ffafb550000 - 0x00007ffafb57d000 	C:\WINDOWS\SYSTEM32\IPHLPAPI.DLL
0x00007ffafec40000 - 0x00007ffafec49000 	C:\WINDOWS\System32\NSI.dll
0x00007ffadf3e0000 - 0x00007ffadf3e9000 	D:\Android Studio\jbr\bin\extnet.dll
0x00007ffafc220000 - 0x00007ffafc23b000 	C:\WINDOWS\SYSTEM32\CRYPTSP.dll
0x00007ffafbab0000 - 0x00007ffafbae5000 	C:\WINDOWS\system32\rsaenh.dll
0x00007ffafc0c0000 - 0x00007ffafc0e8000 	C:\WINDOWS\SYSTEM32\USERENV.dll
0x00007ffafc240000 - 0x00007ffafc24c000 	C:\WINDOWS\SYSTEM32\CRYPTBASE.dll
0x00007ffad9250000 - 0x00007ffad9258000 	C:\WINDOWS\system32\wshunix.dll
0x00007ffafb580000 - 0x00007ffafb682000 	C:\WINDOWS\SYSTEM32\DNSAPI.dll
0x00007ffaf29a0000 - 0x00007ffaf29aa000 	C:\Windows\System32\rasadhlp.dll
0x00007ffaf23c0000 - 0x00007ffaf2443000 	C:\WINDOWS\System32\fwpuclnt.dll
0x00007ffafbc60000 - 0x00007ffafbc94000 	C:\WINDOWS\SYSTEM32\ntmarta.dll

JVMTI agents:
C:\Users\Awees\.gradle\wrapper\dists\gradle-9.7.1-bin\1w1c7tv4s851m17nbqdsro2tv\gradle-9.7.1\lib\agents\gradle-instrumentation-agent-9.7.1.jar path:D:\Android Studio\jbr\bin\instrument.dll, loaded, initialized, instrumentlib options:none

dbghelp: loaded successfully - version: 4.0.5 - missing functions: none
symbol engine: initialized successfully - sym options: 0x614 - pdb path: .;D:\Android Studio\jbr\bin;C:\WINDOWS\SYSTEM32;C:\WINDOWS\WinSxS\amd64_microsoft.windows.common-controls_6595b64144ccf1df_6.0.22621.4830_none_270fe7d773858e80;D:\Android Studio\jbr\bin\server;C:\Users\Awees\.gradle\native\660c5614fbf4a5f2a75b1949f50a0caf5cd603558e7d8a26e50b933a0cfb79d1\windows-amd64;C:\Users\Awees\.gradle\native\0.2.8\x86_64-windows-gnu

VM Arguments:
jvm_args: --add-opens=java.base/java.lang=ALL-UNNAMED --add-opens=java.base/java.lang.invoke=ALL-UNNAMED --add-opens=java.base/java.util=ALL-UNNAMED --add-opens=java.prefs/java.util.prefs=ALL-UNNAMED --add-exports=jdk.compiler/com.sun.tools.javac.api=ALL-UNNAMED --add-exports=jdk.compiler/com.sun.tools.javac.util=ALL-UNNAMED --add-opens=java.base/java.nio.charset=ALL-UNNAMED --add-opens=java.base/java.net=ALL-UNNAMED --add-opens=java.base/java.util.concurrent=ALL-UNNAMED --add-opens=java.base/java.util.concurrent.atomic=ALL-UNNAMED --add-opens=java.xml/javax.xml.namespace=ALL-UNNAMED --add-opens=java.base/java.time=ALL-UNNAMED --enable-native-access=ALL-UNNAMED -Xmx4g -Dfile.encoding=UTF-8 -Duser.country=IN -Duser.language=en -Duser.variant -javaagent:C:\Users\Awees\.gradle\wrapper\dists\gradle-9.7.1-bin\1w1c7tv4s851m17nbqdsro2tv\gradle-9.7.1\lib\agents\gradle-instrumentation-agent-9.7.1.jar 
java_command: org.gradle.launcher.daemon.bootstrap.GradleDaemon 9.7.1
java_class_path (initial): C:\Users\Awees\.gradle\wrapper\dists\gradle-9.7.1-bin\1w1c7tv4s851m17nbqdsro2tv\gradle-9.7.1\lib\gradle-daemon-main-9.7.1.jar
Launcher Type: SUN_STANDARD

[Global flags]
     intx CICompilerCount                          = 4                                         {product} {ergonomic}
     uint ConcGCThreads                            = 3                                         {product} {ergonomic}
     uint G1ConcRefinementThreads                  = 10                                        {product} {ergonomic}
   size_t G1HeapRegionSize                         = 2097152                                   {product} {ergonomic}
   size_t InitialHeapSize                          = 130023424                                 {product} {ergonomic}
   size_t MarkStackSize                            = 4194304                                   {product} {ergonomic}
   size_t MarkStackSizeMax                         = 536870912                                 {product} {ergonomic}
   size_t MaxHeapSize                              = 4294967296                                {product} {command line}
   size_t MaxNewSize                               = 2575302656                                {product} {ergonomic}
   size_t MinHeapDeltaBytes                        = 2097152                                   {product} {ergonomic}
   size_t MinHeapSize                              = 8388608                                   {product} {ergonomic}
    uintx NonNMethodCodeHeapSize                   = 5898240                                {pd product} {ergonomic}
    uintx NonProfiledCodeHeapSize                  = 122945536                              {pd product} {ergonomic}
    uintx ProfiledCodeHeapSize                     = 122945536                              {pd product} {ergonomic}
    uintx ReservedCodeCacheSize                    = 251789312                              {pd product} {ergonomic}
     bool SegmentedCodeCache                       = true                                      {product} {ergonomic}
   size_t SoftMaxHeapSize                          = 4294967296                             {manageable} {ergonomic}
     bool UseCompressedOops                        = true                           {product lp64_product} {ergonomic}
     bool UseG1GC                                  = true                                      {product} {ergonomic}
     bool UseLargePagesIndividualAllocation        = false                                  {pd product} {ergonomic}

Logging:
Log output configuration:
 #0: stdout all=warning uptime,level,tags foldmultilines=false
 #1: stderr all=off uptime,level,tags foldmultilines=false

Release file:
JAVA_VERSION="25.0.3" 
MODULES="java.base java.compiler java.datatransfer java.xml java.prefs java.desktop java.instrument java.logging java.management java.security.sasl java.naming java.rmi java.management.rmi java.net.http java.scripting java.security.jgss java.transaction.xa java.sql java.sql.rowset java.xml.crypto java.se java.smartcardio jdk.accessibility jdk.internal.jvmstat jdk.attach jdk.charsets jdk.internal.opt jdk.zipfs jdk.compiler jdk.crypto.cryptoki jdk.crypto.ec jdk.dynalink jdk.hotspot.agent jdk.httpserver jdk.internal.ed jdk.internal.le jdk.internal.md jdk.internal.vm.ci jdk.jartool jdk.javadoc jdk.jcmd jdk.jdeps jdk.jdwp.agent jdk.jdi jdk.jfr jdk.jlink jdk.localedata jdk.management jdk.management.agent jdk.management.jfr jdk.naming.dns jdk.naming.rmi jdk.net jdk.sctp jdk.security.auth jdk.security.jgss jdk.unsupported jdk.unsupported.desktop jdk.xml.dom" 
IMPLEMENTOR="JetBrains s.r.o." 
JAVA_RUNTIME_VERSION="25.0.3+-15898627-b508.16" 
LIBC="default" 
OS_ARCH="x86_64" 
OS_NAME="Windows" 
SOURCE=".:git:a8b1dba3234f" 

Environment Variables:
PATH=C:\Program Files\Eclipse Adoptium\jdk-17.0.17.10-hotspot\bin;C:\windows\system32;C:\windows;C:\windows\System32\Wbem;C:\windows\System32\WindowsPowerShell\v1.0\;C:\windows\System32\OpenSSH\;C:\Program Files (x86)\NVIDIA Corporation\PhysX\Common;C:\MinGW\bin;C:\WINDOWS\system32;C:\WINDOWS;C:\WINDOWS\System32\Wbem;C:\WINDOWS\System32\WindowsPowerShell\v1.0\;C:\WINDOWS\System32\OpenSSH\;C:\MinGW\bin;C:\Program Files\Git\cmd;C:\Users\Awees\ffmpeg-2025-03-27-git-114fccc4a5-full_build\ffmpeg-2025-03-27-git-114fccc4a5-full_build\bin;C:\Program Files\dotnet\;C:\Program Files (x86)\Windows Kits\10\Windows Performance Toolkit\;C:\Users\Awees\AppData\Roaming\npm;C:\Program Files\NVIDIA Corporation\NVIDIA App\NvDLISR;C:\Program Files\nodejs\;C:\Program Files\Amazon\AWSCLIV2\;C:\Program Files (x86)\Google\Cloud SDK\google-cloud-sdk\bin;C:\Program Files\Docker\Docker\resources\bin;C:\Users\Awees\.local\bin;C:\Users\Awees\AppData\Local\Programs\Python\Python310\Scripts\;C:\Users\Awees\AppData\Local\Programs\Python\Python310\;C:\Users\Awees\AppData\Local\Programs\Python\Python312\Scripts\;C:\Users\Awees\AppData\Local\Programs\Python\Python312\;C:\Users\Awees\AppData\Local\Microsoft\WindowsApps;D:\Microsoft VS Code\bin;C:\dev\flutter\bin;C:\Users\Awees\.npm-global\;C:\Users\Awees\AppData\Roaming\npm;c:\Users\Awees\AppData\Local\Programs\Python\Python314\python.exe;C:\Users\Awees\AppData\Local\Programs\Antigravity IDE\bin;D:\Devin\bin;D:\FlutterSDK\flutter\bin
USERNAME=Awees
OS=Windows_NT
PROCESSOR_IDENTIFIER=Intel64 Family 6 Model 141 Stepping 1, GenuineIntel
TMP=C:\Users\Awees\AppData\Local\Temp
TEMP=C:\Users\Awees\AppData\Local\Temp




Compilation memory statistics disabled.

Periodic native trim disabled

JNI global refs:
JNI global refs: 23, weak refs: 0

JNI global refs memory usage: 835, weak refs: 833

Process memory usage:
Resident Set Size: 497448K (6% of 8017896K total physical memory with 26412K free physical memory)

OOME stack traces (most recent first):
Classloader memory used:
Loader org.gradle.internal.classloader.VisitableURLClassLoader                         : 52523 K
Loader org.gradle.internal.classloader.VisitableURLClassLoader$InstrumentingVisitableURLClassLoader: 44648 K
Loader bootstrap                                                                       : 36350 K
Loader org.gradle.initialization.MixInLegacyTypesClassLoader                           : 17016 K
Loader org.gradle.internal.classloader.VisitableURLClassLoader                         : 8778 K
Loader org.gradle.groovy.scripts.internal.DefaultScriptCompilationHandler$ScriptClassLoader: 200 K
Loader jdk.internal.loader.ClassLoaders$AppClassLoader                                 : 190 K
Loader jdk.internal.loader.ClassLoaders$PlatformClassLoader                            : 153 K

Classes loaded by more than one classloader:
Class Program                                                                         : loaded 5 times (x 74B)
Class com.google.common.collect.UnmodifiableIterator                                  : loaded 4 times (x 82B)
Class com.google.common.collect.Iterators$SingletonIterator                           : loaded 4 times (x 83B)
Class com.google.common.collect.ImmutableList                                         : loaded 4 times (x 208B)
Class com.google.common.collect.UnmodifiableListIterator                              : loaded 4 times (x 97B)
Class com.google.common.collect.Iterators                                             : loaded 4 times (x 73B)
Class com.google.common.collect.Lists$StringAsImmutableList                           : loaded 4 times (x 209B)
Class com.google.common.collect.AbstractIterator                                      : loaded 4 times (x 84B)
Class com.google.common.collect.AbstractIndexedListIterator                           : loaded 4 times (x 98B)
Class com.google.common.collect.PeekingIterator                                       : loaded 4 times (x 72B)
Class com.google.common.collect.Iterators$MergingIterator                             : loaded 4 times (x 83B)
Class com.google.common.collect.Iterators$1                                           : loaded 4 times (x 83B)
Class com.google.common.collect.Iterators$4                                           : loaded 4 times (x 84B)
Class com.google.common.base.Preconditions                                            : loaded 4 times (x 73B)
Class com.google.common.collect.Iterators$5                                           : loaded 4 times (x 84B)
Class com.google.common.collect.ImmutableCollection                                   : loaded 4 times (x 127B)
Class com.google.common.collect.Lists                                                 : loaded 4 times (x 73B)
Class com.google.common.collect.Iterators$9                                           : loaded 4 times (x 83B)
Class com.google.common.collect.Iterators$ArrayItr                                    : loaded 4 times (x 99B)
Class org.gradle.api.GradleException                                                  : loaded 3 times (x 84B)
Class com.google.common.base.CharMatcher$NegatedFastMatcher                           : loaded 3 times (x 115B)
Class com.google.common.base.Predicate                                                : loaded 3 times (x 72B)
Class com.google.common.base.CharMatcher$FastMatcher                                  : loaded 3 times (x 113B)
Class org.gradle.api.Action                                                           : loaded 3 times (x 72B)
Class org.gradle.internal.Cast                                                        : loaded 3 times (x 73B)
Class com.google.common.base.CharMatcher$Or                                           : loaded 3 times (x 114B)
Class com.google.common.collect.ImmutableSet                                          : loaded 3 times (x 147B)
Class [Lcom.google.gson.Strictness;                                                   : loaded 3 times (x 71B)
Class com.google.common.base.CharMatcher$BitSetMatcher                                : loaded 3 times (x 114B)
Class com.google.common.collect.RegularImmutableList                                  : loaded 3 times (x 215B)
Class com.google.common.collect.ImmutableList$1                                       : loaded 3 times (x 99B)
Class com.google.common.base.Function                                                 : loaded 3 times (x 72B)
Class com.google.common.collect.RegularImmutableSet                                   : loaded 3 times (x 150B)
Class org.gradle.internal.IoActions                                                   : loaded 3 times (x 73B)
Class com.google.common.collect.ImmutableAsList                                       : loaded 3 times (x 211B)
Class com.google.common.collect.ImmutableSet$RegularSetBuilderImpl                    : loaded 3 times (x 78B)
Class com.google.gson.Strictness                                                      : loaded 3 times (x 81B)
Class com.google.common.collect.ImmutableSet$CachingAsList                            : loaded 3 times (x 150B)
Class com.google.common.base.CharMatcher$IsEither                                     : loaded 3 times (x 113B)
Class com.google.common.base.CharMatcher$Negated                                      : loaded 3 times (x 115B)
Class com.google.gson.stream.MalformedJsonException                                   : loaded 3 times (x 84B)
Class com.google.common.base.CharMatcher$AnyOf                                        : loaded 3 times (x 114B)
Class com.google.common.base.CharMatcher$ForPredicate                                 : loaded 3 times (x 114B)
Class com.google.common.base.CharMatcher$Is                                           : loaded 3 times (x 113B)
Class com.google.common.base.Joiner$1                                                 : loaded 3 times (x 82B)
Class com.google.common.collect.SingletonImmutableSet                                 : loaded 3 times (x 148B)
Class com.google.common.base.CharMatcher                                              : loaded 3 times (x 113B)
Class com.google.common.collect.ImmutableList$ReverseImmutableList                    : loaded 3 times (x 211B)
Class com.google.common.collect.SingletonImmutableList                                : loaded 3 times (x 209B)
Class com.google.gson.stream.JsonReader                                               : loaded 3 times (x 99B)
Class com.google.common.base.ExtraObjectsMethodsForWeb                                : loaded 3 times (x 73B)
Class com.google.common.collect.Multimap                                              : loaded 3 times (x 72B)
Class com.google.common.base.Joiner$2                                                 : loaded 3 times (x 81B)
Class com.google.common.base.CharMatcher$1                                            : loaded 3 times (x 115B)
Class com.google.common.base.Objects                                                  : loaded 3 times (x 73B)
Class com.google.common.base.CharMatcher$And                                          : loaded 3 times (x 114B)
Class com.google.common.base.CharMatcher$NamedFastMatcher                             : loaded 3 times (x 114B)
Class com.google.common.base.CharMatcher$InRange                                      : loaded 3 times (x 113B)
Class Build_gradle                                                                    : loaded 3 times (x 128B)
Class com.google.common.collect.RegularImmutableAsList                                : loaded 3 times (x 219B)
Class com.google.common.collect.ImmutableList$Builder                                 : loaded 3 times (x 79B)
Class com.google.common.collect.ImmutableSet$SetBuilderImpl                           : loaded 3 times (x 78B)
Class com.intellij.gradle.toolingExtension.util.GradleVersionUtil                     : loaded 3 times (x 73B)
Class com.google.common.collect.ImmutableList$SubList                                 : loaded 3 times (x 211B)
Class com.google.common.base.Joiner                                                   : loaded 3 times (x 81B)
Class com.google.common.collect.ImmutableCollection$Builder                           : loaded 3 times (x 78B)
Class com.google.common.base.CharMatcher$IsNot                                        : loaded 3 times (x 113B)
Class [Lcom.google.common.cache.CacheBuilder$OneWeigher;                              : loaded 2 times (x 71B)
Class com.google.common.base.Suppliers                                                : loaded 2 times (x 73B)
Class com.google.gson.internal.bind.JsonAdapterAnnotationTypeAdapterFactory$DummyTypeAdapterFactory: loaded 2 times (x 77B)
Class com.google.gson.internal.bind.TypeAdapters$31                                   : loaded 2 times (x 78B)
Class com.google.gson.JsonSyntaxException                                             : loaded 2 times (x 84B)
Class org.jetbrains.kotlin.idea.gradleTooling.AndroidAwareGradleModelProvider$Companion: loaded 2 times (x 73B)
Class [Lcom.amazon.ion.impl.bin.IonRawBinaryWriter$StreamCloseMode;                   : loaded 2 times (x 71B)
Class com.amazon.ion.impl.lite.IonSymbolLite                                          : loaded 2 times (x 249B)
Class com.amazon.ion.impl.bin.IonManagedBinaryWriter$ImportedSymbolResolverMode$1     : loaded 2 times (x 82B)
Class io.opentelemetry.api.GlobalOpenTelemetry                                        : loaded 2 times (x 73B)
Class com.intellij.util.containers.IntObjectHashMap$ArrayProducer                     : loaded 2 times (x 72B)
Class org.gradle.internal.classloader.DefaultClassLoaderFactory                       : loaded 2 times (x 84B)
Class com.google.gson.internal.bind.TypeAdapters$32                                   : loaded 2 times (x 78B)
Class com.amazon.ion.impl.bin.IonManagedBinaryWriter$ImportedSymbolResolverMode$2     : loaded 2 times (x 82B)
Class io.opentelemetry.context.Scope                                                  : loaded 2 times (x 72B)
Class com.google.common.collect.ReverseNaturalOrdering                                : loaded 2 times (x 116B)
Class kotlin.text.MatcherMatchResult$groupValues$1                                    : loaded 2 times (x 200B)
Class kotlin.sequences.SequencesKt___SequencesKt                                      : loaded 2 times (x 73B)
Class kotlin.collections.AbstractList$Companion                                       : loaded 2 times (x 73B)
Class com.google.gson.internal.bind.ObjectTypeAdapter                                 : loaded 2 times (x 76B)
Class [Lcom.google.common.collect.ImmutableMapEntry;                                  : loaded 2 times (x 71B)
Class [Lcom.android.ide.common.repository.AgpVersion$PreviewKind;                     : loaded 2 times (x 71B)
Class org.jetbrains.kotlin.idea.projectModel.KotlinTaskProperties                     : loaded 2 times (x 72B)
Class org.jetbrains.plugins.gradle.tooling.serialization.internal.IdeaProjectSerializationService: loaded 2 times (x 79B)
Class com.google.common.collect.Ordering                                              : loaded 2 times (x 116B)
Class kotlin.sequences.SequencesKt___SequencesKt$flatMap$2                            : loaded 2 times (x 131B)
Class com.android.builder.model.v2.models.AndroidDsl                                  : loaded 2 times (x 72B)
Class com.google.common.collect.ListMultimap                                          : loaded 2 times (x 72B)
Class com.google.common.collect.ImmutableEnumMap                                      : loaded 2 times (x 128B)
Class com.amazon.ion.impl.lite.IonSystemLite                                          : loaded 2 times (x 277B)
Class com.amazon.ion.util.InputStreamInterceptor                                      : loaded 2 times (x 72B)
Class com.amazon.ion.impl.bin.IonRawBinaryWriter$PreallocationMode                    : loaded 2 times (x 83B)
Class com.amazon.ion.impl.bin._Private_IonRawWriter                                   : loaded 2 times (x 72B)
Class com.amazon.ion.IonWriter                                                        : loaded 2 times (x 72B)
Class kotlin.text.StringsKt__AppendableKt                                             : loaded 2 times (x 73B)
Class com.google.common.collect.ImmutableRangeSet                                     : loaded 2 times (x 117B)
Class org.gradle.tooling.internal.gradle.DefaultProjectIdentifier                     : loaded 2 times (x 88B)
Class com.google.common.collect.Sets$1                                                : loaded 2 times (x 141B)
Class org.objectweb.asm.AnnotationVisitor                                             : loaded 2 times (x 80B)
Class com.android.ide.common.gradle.Numeric                                           : loaded 2 times (x 79B)
Class com.google.gson.internal.bind.TypeAdapters                                      : loaded 2 times (x 73B)
Class com.google.gson.FormattingStyle                                                 : loaded 2 times (x 80B)
Class com.google.gson.FieldNamingPolicy                                               : loaded 2 times (x 85B)
Class com.amazon.ion.impl._Private_IonContainer                                       : loaded 2 times (x 72B)
Class com.intellij.gradle.toolingExtension.impl.model.buildScriptClasspathModel.GradleBuildScriptClasspathSerializationService$ReadContext: loaded 2 times (x 74B)
Class com.google.common.collect.ComparatorOrdering                                    : loaded 2 times (x 117B)
Class org.gradle.api.internal.DefaultClassPathProvider                                : loaded 2 times (x 78B)
Class com.android.builder.model.v2.models.BasicAndroidProject                         : loaded 2 times (x 72B)
Class com.google.common.collect.Sets$2                                                : loaded 2 times (x 141B)
Class com.google.gson.JsonArray                                                       : loaded 2 times (x 102B)
Class com.google.gson.FieldNamingStrategy                                             : loaded 2 times (x 72B)
Class com.amazon.ion.impl.SharedSymbolTable                                           : loaded 2 times (x 95B)
Class com.amazon.ion.impl.bin.IonRawBinaryWriter                                      : loaded 2 times (x 170B)
Class com.amazon.ion.SymbolToken                                                      : loaded 2 times (x 72B)
Class kotlin.text.StringsKt__StringNumberConversionsJVMKt                             : loaded 2 times (x 73B)
Class com.google.common.collect.NaturalOrdering                                       : loaded 2 times (x 117B)
Class kotlin.text.MatchResult                                                         : loaded 2 times (x 72B)
Class kotlin.sequences.SequenceScope                                                  : loaded 2 times (x 75B)
Class kotlin.sequences.Sequence                                                       : loaded 2 times (x 72B)
Class org.gradle.tooling.ToolingModelContract                                         : loaded 2 times (x 72B)
Class [Lorg.gradle.api.internal.ClassPathProvider;                                    : loaded 2 times (x 71B)
Class org.gradle.api.internal.ClassPathProvider                                       : loaded 2 times (x 72B)
Class [Lorg.objectweb.asm.AnnotationVisitor;                                          : loaded 2 times (x 71B)
Class com.google.common.collect.Sets$3                                                : loaded 2 times (x 141B)
Class com.google.common.cache.LocalCache$LocalLoadingCache                            : loaded 2 times (x 136B)
Class com.amazon.ion.impl.lite.IonBoolLite                                            : loaded 2 times (x 181B)
Class kotlin.collections.CollectionsKt___CollectionsKt$asSequence$$inlined$Sequence$1 : loaded 2 times (x 77B)
Class org.gradle.internal.service.UnknownServiceException                             : loaded 2 times (x 85B)
Class com.google.common.io.ByteArrayDataInput                                         : loaded 2 times (x 72B)
Class com.google.common.collect.Sets$4                                                : loaded 2 times (x 141B)
Class org.objectweb.asm.ModuleVisitor                                                 : loaded 2 times (x 83B)
Class com.google.common.cache.LocalCache$Strength$1                                   : loaded 2 times (x 83B)
Class org.jetbrains.kotlin.idea.gradleTooling.model.kapt.KaptGradleModel              : loaded 2 times (x 72B)
Class org.jetbrains.kotlin.idea.gradleTooling.KotlinDslScriptAdditionalTask           : loaded 2 times (x 72B)
Class org.jetbrains.plugins.gradle.model.ClasspathEntryModel                          : loaded 2 times (x 72B)
Class com.google.common.util.concurrent.SettableFuture                                : loaded 2 times (x 116B)
Class com.google.common.cache.LocalCache$Strength$2                                   : loaded 2 times (x 83B)
Class com.amazon.ion.IonTimestamp                                                     : loaded 2 times (x 72B)
Class com.amazon.ion.impl.bin.PooledBlockAllocatorProvider$PooledBlockAllocator       : loaded 2 times (x 83B)
Class com.intellij.platform.diagnostic.telemetry.rt.context.TelemetryContextGetter    : loaded 2 times (x 77B)
Class org.jetbrains.plugins.gradle.tooling.serialization.GradleExtensionsSerializationService: loaded 2 times (x 79B)
Class org.gradle.api.JavaVersion                                                      : loaded 2 times (x 81B)
Class org.gradle.tooling.model.Dependency                                             : loaded 2 times (x 72B)
Class com.google.common.io.ByteStreams                                                : loaded 2 times (x 73B)
Class com.android.builder.model.v2.ide.AbstractArtifact                               : loaded 2 times (x 72B)
Class com.google.common.cache.LocalCache$Strength$3                                   : loaded 2 times (x 83B)
Class com.google.common.collect.MapDifference                                         : loaded 2 times (x 72B)
Class com.amazon.ion.IonDatagram                                                      : loaded 2 times (x 72B)
Class com.amazon.ion.impl.bin.IonManagedBinaryWriter$ImportedSymbolResolverMode$1$1   : loaded 2 times (x 80B)
Class com.amazon.ion.impl._Private_ByteTransferSink                                   : loaded 2 times (x 72B)
Class com.intellij.openapi.externalSystem.model.project.dependencies.ResolutionState  : loaded 2 times (x 81B)
Class kotlin.text.StringsKt__RegexExtensionsJVMKt                                     : loaded 2 times (x 73B)
Class com.google.common.collect.AllEqualOrdering                                      : loaded 2 times (x 116B)
Class kotlin.collections.ArraysKt___ArraysJvmKt                                       : loaded 2 times (x 73B)
Class kotlin.collections.CollectionsKt__CollectionsKt                                 : loaded 2 times (x 73B)
Class org.objectweb.asm.FieldWriter                                                   : loaded 2 times (x 79B)
Class com.google.common.cache.CacheBuilder$NullListener                               : loaded 2 times (x 84B)
Class com.google.gson.LongSerializationPolicy                                         : loaded 2 times (x 82B)
Class org.jetbrains.plugins.gradle.model.ExternalLibraryDependency                    : loaded 2 times (x 72B)
Class kotlin.text.Regex$Companion                                                     : loaded 2 times (x 73B)
Class org.gradle.internal.classpath.TransformedClassPath                              : loaded 2 times (x 101B)
Class org.gradle.internal.classloader.InstrumentingClassLoader                        : loaded 2 times (x 72B)
Class com.google.common.collect.ImmutableListMultimap                                 : loaded 2 times (x 178B)
Class com.google.common.cache.CacheLoader$FunctionToCacheLoader                       : loaded 2 times (x 77B)
Class org.objectweb.asm.MethodTooLargeException                                       : loaded 2 times (x 84B)
Class com.google.common.base.Platform$JdkPatternCompiler                              : loaded 2 times (x 77B)
Class com.amazon.ion.IonValue                                                         : loaded 2 times (x 72B)
Class com.google.common.collect.ImmutableRangeSet$AsSet                               : loaded 2 times (x 302B)
Class kotlin.jvm.internal.FunctionReference                                           : loaded 2 times (x 128B)
Class [Lkotlin.coroutines.intrinsics.CoroutineSingletons;                             : loaded 2 times (x 71B)
Class kotlin.jvm.internal.FunctionBase                                                : loaded 2 times (x 72B)
Class kotlin.enums.EnumEntriesList                                                    : loaded 2 times (x 225B)
Class com.google.common.collect.EmptyImmutableListMultimap                            : loaded 2 times (x 178B)
Class com.google.common.collect.BaseImmutableMultimap                                 : loaded 2 times (x 125B)
Class ijKotlinCoroutineJvmDebugInit1_1bc3t6v7zmgl5ec962cni4394$_run_closure1          : loaded 2 times (x 140B)
Class com.google.common.base.MoreObjects                                              : loaded 2 times (x 73B)
Class com.google.gson.internal.bind.DefaultDateTypeAdapter                            : loaded 2 times (x 76B)
Class com.google.gson.GsonBuilder                                                     : loaded 2 times (x 74B)
Class com.amazon.ion.impl.bin.IonRawBinaryWriter$ContainerType                        : loaded 2 times (x 81B)
Class com.amazon.ion.impl._Private_IonTextWriterBuilder$Mutable                       : loaded 2 times (x 103B)
Class kotlin.comparisons.ComparisonsKt___ComparisonsJvmKt                             : loaded 2 times (x 73B)
Class kotlin.collections.CollectionsKt__IteratorsJVMKt                                : loaded 2 times (x 73B)
Class com.android.builder.model.v2.ide.TestInfo$Execution                             : loaded 2 times (x 81B)
Class com.google.gson.internal.Primitives                                             : loaded 2 times (x 73B)
Class com.google.common.collect.Platform                                              : loaded 2 times (x 73B)
Class [Lorg.objectweb.asm.Type;                                                       : loaded 2 times (x 71B)
Class com.google.gson.stream.JsonWriter                                               : loaded 2 times (x 100B)
Class org.gradle.internal.operations.MultipleBuildOperationFailures                   : loaded 2 times (x 97B)
Class org.jetbrains.kotlin.idea.gradleTooling.KotlinSourceSetContainer                : loaded 2 times (x 72B)
Class io.opentelemetry.context.ContextStorageWrappers                                 : loaded 2 times (x 73B)
Class io.opentelemetry.context.propagation.DefaultContextPropagators                  : loaded 2 times (x 77B)
Class org.jetbrains.plugins.gradle.model.IntelliJSettings                             : loaded 2 times (x 72B)
Class kotlin.Result                                                                   : loaded 2 times (x 74B)
Class org.gradle.internal.service.ServiceLocator                                      : loaded 2 times (x 72B)
Class org.gradle.tooling.internal.adapter.MethodInvocation                            : loaded 2 times (x 87B)
Class com.google.common.base.Ascii                                                    : loaded 2 times (x 73B)
Class com.google.common.collect.SingletonImmutableBiMap                               : loaded 2 times (x 145B)
Class com.google.common.cache.LocalCache$1                                            : loaded 2 times (x 91B)
Class com.google.gson.internal.bind.TypeAdapterRuntimeTypeWrapper                     : loaded 2 times (x 76B)
Class kotlin.sequences.TransformingSequence                                           : loaded 2 times (x 77B)
Class com.google.common.collect.AbstractMapEntry                                      : loaded 2 times (x 83B)
Class com.amazon.ion.impl.IonWriterSystem                                             : loaded 2 times (x 172B)
Class com.amazon.ion.impl.bin.Symbols$2                                               : loaded 2 times (x 109B)
Class com.amazon.ion.impl.bin._Private_IonManagedWriter                               : loaded 2 times (x 72B)
Class com.android.ide.gradle.model.GradlePropertiesModel                              : loaded 2 times (x 72B)
Class kotlin.sequences.TransformingSequence$iterator$1                                : loaded 2 times (x 81B)
Class kotlin.Pair                                                                     : loaded 2 times (x 74B)
Class org.gradle.tooling.internal.adapter.ProtocolToModelAdapter$SupportedPropertyInvoker: loaded 2 times (x 78B)
Class org.gradle.tooling.model.UnsupportedMethodException                             : loaded 2 times (x 84B)
Class com.android.builder.model.v2.ide.BytecodeTransformation                         : loaded 2 times (x 81B)
Class com.google.common.collect.Sets$ImprovedAbstractSet                              : loaded 2 times (x 137B)
Class io.opentelemetry.api.internal.OtelEncodingUtils                                 : loaded 2 times (x 73B)
Class com.google.common.collect.AbstractMultimap                                      : loaded 2 times (x 125B)
Class com.google.common.cache.LocalCache$2                                            : loaded 2 times (x 144B)
Class com.amazon.ion.impl.lite.IonContainerLite                                       : loaded 2 times (x 250B)
Class com.amazon.ion.IonBufferConfiguration$OversizedSymbolTableHandler               : loaded 2 times (x 72B)
Class com.amazon.ion.system.IonWriterBuilder                                          : loaded 2 times (x 76B)
Class org.jetbrains.plugins.gradle.tooling.serialization.ToolingStreamApiUtils        : loaded 2 times (x 73B)
Class com.amazon.ion.facet.Faceted                                                    : loaded 2 times (x 72B)
Class kotlin.collections.CollectionsKt__MutableCollectionsKt                          : loaded 2 times (x 73B)
Class com.android.builder.model.v2.ide.CodeShrinker                                   : loaded 2 times (x 81B)
Class com.google.gson.internal.bind.MapTypeAdapterFactory$Adapter                     : loaded 2 times (x 76B)
Class com.google.gson.internal.sql.SqlTimeTypeAdapter$1                               : loaded 2 times (x 77B)
Class com.intellij.util.ThrowableConsumer                                             : loaded 2 times (x 72B)
Class com.amazon.ion.impl.bin.utf8.Poolable                                           : loaded 2 times (x 81B)
Class com.amazon.ion.IonSymbol                                                        : loaded 2 times (x 72B)
Class io.opentelemetry.api.trace.SpanContext                                          : loaded 2 times (x 72B)
Class io.opentelemetry.api.trace.DefaultTracer$NoopSpanBuilder                        : loaded 2 times (x 93B)
Class org.jetbrains.plugins.gradle.tooling.serialization.AnnotationProcessingModelSerializationService$WriteContext: loaded 2 times (x 74B)
Class kotlin.io.TerminateException                                                    : loaded 2 times (x 84B)
Class kotlin.io.FilesKt__FilePathComponentsKt                                         : loaded 2 times (x 73B)
Class com.google.common.collect.ImmutableRangeSet$1                                   : loaded 2 times (x 212B)
Class kotlin.reflect.KCallable                                                        : loaded 2 times (x 72B)
Class com.google.common.util.concurrent.AbstractFuture$Trusted                        : loaded 2 times (x 72B)
Class com.google.gson.TypeAdapterFactory                                              : loaded 2 times (x 72B)
Class org.jetbrains.kotlin.idea.gradleTooling.KotlinGradlePluginVersion               : loaded 2 times (x 72B)
Class com.intellij.compose.ide.plugin.gradleTooling.rt.ComposeResourcesModel          : loaded 2 times (x 72B)
Class com.intellij.gradle.toolingExtension.impl.util.collectionUtil.GradleCollections : loaded 2 times (x 73B)
Class com.amazon.ion.impl.lite.IonStructLite                                          : loaded 2 times (x 300B)
Class com.amazon.ion.impl._Private_ReaderWriter                                       : loaded 2 times (x 72B)
Class com.amazon.ion.impl.bin.AbstractSymbolTable                                     : loaded 2 times (x 109B)
Class com.amazon.ion.Decimal                                                          : loaded 2 times (x 136B)
Class com.amazon.ion.impl.bin._Private_IonManagedBinaryWriterBuilder$AllocatorMode$1  : loaded 2 times (x 82B)
Class org.jetbrains.plugins.gradle.tooling.serialization.ProjectDependenciesSerializationService$WriteContext: loaded 2 times (x 74B)
Class org.jetbrains.plugins.gradle.tooling.serialization.ProjectDependenciesSerializationService: loaded 2 times (x 79B)
Class kotlin.text.CharsKt                                                             : loaded 2 times (x 73B)
Class com.google.common.collect.Range                                                 : loaded 2 times (x 88B)
Class org.gradle.tooling.model.kotlin.dsl.KotlinDslScriptModel                        : loaded 2 times (x 72B)
Class org.gradle.tooling.internal.adapter.CollectionMapper                            : loaded 2 times (x 75B)
Class [Lcom.android.builder.model.v2.ide.LibraryType;                                 : loaded 2 times (x 71B)
Class com.android.builder.model.v2.ide.LibraryType                                    : loaded 2 times (x 81B)
Class com.google.common.io.ByteSink$AsCharSink                                        : loaded 2 times (x 82B)
Class org.jetbrains.kotlin.tooling.core.KotlinToolingVersion                          : loaded 2 times (x 77B)
Class com.google.gson.internal.bind.JsonTreeReader                                    : loaded 2 times (x 99B)
Class com.google.common.util.concurrent.UncheckedExecutionException                   : loaded 2 times (x 84B)
Class com.google.gson.internal.bind.DefaultDateTypeAdapter$DateType                   : loaded 2 times (x 75B)
Class org.gradle.kotlin.dsl.VersionCatalogAccessorsKt                                 : loaded 2 times (x 73B)
Class com.amazon.ion.impl.lite.IonFloatLite                                           : loaded 2 times (x 189B)
Class com.amazon.ion.impl._Private_IonTextWriterBuilder                               : loaded 2 times (x 103B)
Class com.amazon.ion.impl.bin._Private_IonManagedBinaryWriterBuilder$AllocatorMode$2  : loaded 2 times (x 82B)
Class io.opentelemetry.api.trace.DefaultTracerProvider                                : loaded 2 times (x 81B)
Class com.google.common.collect.ExplicitOrdering                                      : loaded 2 times (x 117B)
Class com.google.gson.internal.bind.ReflectiveTypeAdapterFactory$1                    : loaded 2 times (x 76B)
Class org.jetbrains.plugins.gradle.ExternalDependencyId                               : loaded 2 times (x 72B)
Class com.amazon.ion.impl._Private_IonReaderBuilder                                   : loaded 2 times (x 99B)
Class com.amazon.ion.IonMutableCatalog                                                : loaded 2 times (x 72B)
Class gnu.trove.THash                                                                 : loaded 2 times (x 83B)
Class com.intellij.gradle.toolingExtension.impl.model.buildScriptClasspathModel.GradleBuildScriptClasspathSerializationService$WriteContext: loaded 2 times (x 74B)
Class org.gradle.tooling.internal.adapter.ProtocolToModelAdapter                      : loaded 2 times (x 82B)
Class com.android.builder.model.v2.ide.AndroidGradlePluginProjectFlags$BooleanFlag    : loaded 2 times (x 81B)
Class com.google.common.collect.AbstractMapBasedMultimap$KeySet$1                     : loaded 2 times (x 84B)
Class org.objectweb.asm.ClassWriter                                                   : loaded 2 times (x 107B)
Class com.android.ide.common.gradle.Separator                                         : loaded 2 times (x 81B)
Class com.google.gson.internal.bind.TypeAdapters$30                                   : loaded 2 times (x 78B)
Class com.google.common.cache.CacheLoader$UnsupportedLoadingOperationException        : loaded 2 times (x 84B)
Class com.google.gson.internal.bind.ReflectiveTypeAdapterFactory$2                    : loaded 2 times (x 80B)
Class [Lio.opentelemetry.context.ThreadLocalContextStorage$NoopScope;                 : loaded 2 times (x 71B)
Class io.opentelemetry.context.ThreadLocalContextStorage$NoopScope                    : loaded 2 times (x 87B)
Class kotlin.collections.MapsKt__MapsJVMKt                                            : loaded 2 times (x 73B)
Class kotlin.collections.EmptyList                                                    : loaded 2 times (x 176B)
Class org.gradle.internal.time.DefaultTimer                                           : loaded 2 times (x 82B)
Class org.objectweb.asm.ClassVisitor                                                  : loaded 2 times (x 90B)
Class org.objectweb.asm.FieldVisitor                                                  : loaded 2 times (x 79B)
Class com.google.gson.ToNumberStrategy                                                : loaded 2 times (x 72B)
Class com.google.gson.TypeAdapter                                                     : loaded 2 times (x 75B)
Class com.google.common.collect.IndexedImmutableSet                                   : loaded 2 times (x 154B)
Class com.google.common.collect.ImmutableMap$1                                        : loaded 2 times (x 83B)
Class com.google.common.collect.BiMap                                                 : loaded 2 times (x 72B)
Class com.amazon.ion.impl.bin.PooledBlockAllocatorProvider$PooledBlockAllocator$1     : loaded 2 times (x 81B)
Class com.amazon.ion.impl.lite.IonStringLite                                          : loaded 2 times (x 215B)
Class io.opentelemetry.context.ImplicitContextKeyed                                   : loaded 2 times (x 72B)
Class org.gradle.tooling.internal.adapter.ProtocolToModelAdapter$ViewKey              : loaded 2 times (x 74B)
Class org.gradle.api.internal.classpath.DefaultModuleRegistry$DefaultModule           : loaded 2 times (x 84B)
Class com.android.builder.model.v2.CustomSourceDirectory                              : loaded 2 times (x 72B)
Class com.google.common.primitives.Ints                                               : loaded 2 times (x 73B)
Class [Lorg.objectweb.asm.Symbol;                                                     : loaded 2 times (x 71B)
Class com.android.ide.common.repository.AgpVersion                                    : loaded 2 times (x 77B)
Class com.amazon.ion.impl.bin.Block                                                   : loaded 2 times (x 81B)
Class io.opentelemetry.context.DefaultContextKey                                      : loaded 2 times (x 74B)
Class com.google.common.collect.NullsFirstOrdering                                    : loaded 2 times (x 117B)
Class kotlin.jvm.internal.KotlinGenericDeclaration                                    : loaded 2 times (x 72B)
Class kotlin.ResultKt                                                                 : loaded 2 times (x 73B)
Class org.gradle.tooling.internal.adapter.ProtocolToModelAdapter$PropertyCachingMethodInvoker: loaded 2 times (x 78B)
Class com.android.builder.model.v2.models.ProjectSyncIssues                           : loaded 2 times (x 72B)
Class com.google.common.collect.ObjectArrays                                          : loaded 2 times (x 73B)
Class com.google.common.math.MathPreconditions                                        : loaded 2 times (x 73B)
Class com.google.common.collect.Multiset                                              : loaded 2 times (x 72B)
Class com.google.common.collect.ArrayListMultimapGwtSerializationDependencies         : loaded 2 times (x 173B)
Class com.android.utils.FileUtils                                                     : loaded 2 times (x 73B)
Class com.intellij.openapi.externalSystem.model.ExternalSystemException               : loaded 2 times (x 87B)
Class org.jetbrains.plugins.gradle.model.ExternalTask                                 : loaded 2 times (x 72B)
Class com.amazon.ion.impl.bin.utf8.Utf8StringEncoderPool$1                            : loaded 2 times (x 78B)
Class com.amazon.ion.impl.lite.IonLoaderLite                                          : loaded 2 times (x 84B)
Class com.amazon.ion.impl.lite.IonContext                                             : loaded 2 times (x 72B)
Class com.amazon.ion.impl.IonWriterSystemText                                         : loaded 2 times (x 191B)
Class [Lcom.amazon.ion.impl.bin.IonManagedBinaryWriter$ImportedSymbolResolverMode;    : loaded 2 times (x 71B)
Class com.amazon.ion.ValueFactory                                                     : loaded 2 times (x 72B)
Class io.opentelemetry.api.internal.IncubatingUtil                                    : loaded 2 times (x 73B)
Class io.opentelemetry.api.GlobalOpenTelemetry$ObfuscatedOpenTelemetry                : loaded 2 times (x 94B)
Class kotlin.collections.ArraysKt__ArraysKt                                           : loaded 2 times (x 73B)
Class kotlin.Result$Failure                                                           : loaded 2 times (x 74B)
Class org.gradle.internal.time.DefaultCountdownTimer                                  : loaded 2 times (x 90B)
Class com.google.gson.internal.ObjectConstructor                                      : loaded 2 times (x 72B)
Class com.google.common.collect.ImmutableMapEntrySet                                  : loaded 2 times (x 154B)
Class com.amazon.ion.impl.bin.IonManagedBinaryWriter$SymbolResolver                   : loaded 2 times (x 72B)
Class com.amazon.ion.impl._Private_SymbolToken                                        : loaded 2 times (x 72B)
Class com.amazon.ion.impl.bin._Private_IonManagedBinaryWriterBuilder$AllocatorMode    : loaded 2 times (x 82B)
Class org.jetbrains.plugins.gradle.model.GradleTaskModel                              : loaded 2 times (x 72B)
Class org.jetbrains.plugins.gradle.tooling.util.ObjectCollector                       : loaded 2 times (x 74B)
Class kotlin.collections.SetsKt__SetsJVMKt                                            : loaded 2 times (x 73B)
Class kotlin.Function                                                                 : loaded 2 times (x 72B)
Class org.gradle.tooling.internal.adapter.ProtocolToModelAdapter$AdaptingMethodInvoker: loaded 2 times (x 78B)
Class org.gradle.tooling.internal.gradle.DefaultBuildIdentifier                       : loaded 2 times (x 81B)
Class org.gradle.api.internal.classpath.Module                                        : loaded 2 times (x 72B)
Class ijJvmDebugger1_97ctbu4bqi87akgpzobnsuyks$_run_closure1                          : loaded 2 times (x 140B)
Class com.google.common.cache.Weigher                                                 : loaded 2 times (x 72B)
Class [Lcom.amazon.ion.util.GzipStreamInterceptor;                                    : loaded 2 times (x 71B)
Class com.amazon.ion.impl._Private_IonReaderBuilder$Mutable                           : loaded 2 times (x 99B)
Class com.intellij.openapi.externalSystem.model.project.IExternalSystemSourceType     : loaded 2 times (x 72B)
Class kotlin.io.FileAlreadyExistsException                                            : loaded 2 times (x 84B)
Class kotlin.internal.ProgressionUtilKt                                               : loaded 2 times (x 73B)
Class org.gradle.api.internal.classpath.UnknownModuleException                        : loaded 2 times (x 84B)
Class com.google.common.base.Stopwatch                                                : loaded 2 times (x 74B)
Class com.google.common.cache.LocalCache$Strength                                     : loaded 2 times (x 83B)
Class com.google.common.cache.Cache                                                   : loaded 2 times (x 72B)
Class com.google.gson.stream.JsonReader$1                                             : loaded 2 times (x 74B)
Class io.opentelemetry.api.trace.TraceStateBuilder                                    : loaded 2 times (x 72B)
Class com.intellij.openapi.externalSystem.model.project.dependencies.ProjectDependencies: loaded 2 times (x 72B)
Class org.jetbrains.plugins.gradle.tooling.serialization.ProjectDependenciesSerializationService$ReadContext: loaded 2 times (x 74B)
Class com.google.common.util.concurrent.AbstractFuture$Cancellation                   : loaded 2 times (x 74B)
Class com.google.common.collect.ImmutableMap$Builder                                  : loaded 2 times (x 84B)
Class ijInit1_1vsb76fodwfv9vhjq8wctf1iv                                               : loaded 2 times (x 173B)
Class sync_studio_tooling9_3mzek4n8oz5qogip0l96av4uo$_run_closure1                    : loaded 2 times (x 140B)
Class com.google.common.cache.RemovalListener                                         : loaded 2 times (x 72B)
Class [Lcom.google.gson.ToNumberPolicy;                                               : loaded 2 times (x 71B)
Class com.google.gson.ToNumberPolicy                                                  : loaded 2 times (x 85B)
Class com.amazon.ion.IonBufferConfiguration                                           : loaded 2 times (x 74B)
Class com.amazon.ion.impl.bin.Symbols                                                 : loaded 2 times (x 73B)
Class org.jetbrains.plugins.gradle.tooling.serialization.RepositoriesModelSerializationService: loaded 2 times (x 84B)
Class com.android.ide.gradle.model.artifacts.AdditionalClassifierArtifactsModel       : loaded 2 times (x 72B)
Class org.gradle.tooling.internal.gradle.GradleProjectIdentity                        : loaded 2 times (x 72B)
Class org.gradle.api.internal.DefaultClassPathRegistry                                : loaded 2 times (x 78B)
Class com.google.common.collect.ImmutableMultimap$Keys                                : loaded 2 times (x 168B)
Class com.android.builder.model.v2.ide.JavaArtifact                                   : loaded 2 times (x 72B)
Class com.google.common.primitives.IntsMethodsForWeb                                  : loaded 2 times (x 73B)
Class com.android.builder.model.v2.ide.AaptOptions$Namespacing                        : loaded 2 times (x 81B)
Class [Lcom.amazon.ion.impl.bin.AbstractIonWriter$WriteValueOptimization;             : loaded 2 times (x 71B)
Class io.opentelemetry.api.internal.AutoValue_ImmutableSpanContext                    : loaded 2 times (x 94B)
Class org.jetbrains.plugins.gradle.tooling.serialization.RepositoriesModelSerializationService$ReadContext: loaded 2 times (x 74B)
Class kotlin.ranges.ClosedRange                                                       : loaded 2 times (x 72B)
Class org.gradle.internal.classpath.DefaultClassPath$ImmutableUniqueList              : loaded 2 times (x 201B)
Class org.gradle.api.internal.ClassPathRegistry                                       : loaded 2 times (x 72B)
Class org.gradle.tooling.internal.adapter.TargetTypeProvider                          : loaded 2 times (x 72B)
Class com.amazon.ion.impl.bin.IonManagedBinaryWriter$UserState                        : loaded 2 times (x 87B)
Class com.amazon.ion.impl._Private_IonWriter                                          : loaded 2 times (x 72B)
Class com.amazon.ion.impl.bin._Private_IonManagedBinaryWriterBuilder                  : loaded 2 times (x 74B)
Class com.intellij.gradle.toolingExtension.impl.model.projectModel.GradleExternalProjectSerializationService$WriteContext: loaded 2 times (x 75B)
Class kotlin.text.StringsKt__StringsJVMKt                                             : loaded 2 times (x 73B)
Class kotlin.collections.IntIterator                                                  : loaded 2 times (x 84B)
Class com.google.common.collect.NullnessCasts                                         : loaded 2 times (x 73B)
Class kotlin.ranges.IntProgression$Companion                                          : loaded 2 times (x 73B)
Class com.google.common.io.ByteSink                                                   : loaded 2 times (x 78B)
Class com.android.builder.model.v2.dsl.SigningConfig                                  : loaded 2 times (x 72B)
Class com.android.builder.model.v2.models.AndroidProject                              : loaded 2 times (x 72B)
Class com.android.builder.model.v2.AndroidModel                                       : loaded 2 times (x 72B)
Class com.google.common.cache.CacheBuilder                                            : loaded 2 times (x 74B)
Class com.google.gson.internal.bind.ArrayTypeAdapter$1                                : loaded 2 times (x 77B)
Class com.google.gson.internal.bind.JsonTreeWriter                                    : loaded 2 times (x 100B)
Class org.jetbrains.plugins.gradle.model.GradleExtensions                             : loaded 2 times (x 72B)
Class Settings_gradle$1                                                               : loaded 2 times (x 76B)
Class [Lcom.amazon.ion.SymbolToken;                                                   : loaded 2 times (x 71B)
Class io.opentelemetry.api.trace.ImmutableTraceFlags                                  : loaded 2 times (x 79B)
Class kotlin.text.StringsKt__IndentKt                                                 : loaded 2 times (x 73B)
Class kotlin.collections.SetsKt                                                       : loaded 2 times (x 73B)
Class org.gradle.internal.classpath.ClassPath                                         : loaded 2 times (x 72B)
Class com.google.common.io.Files$FileByteSource                                       : loaded 2 times (x 87B)
Class com.google.common.base.JdkPattern                                               : loaded 2 times (x 77B)
Class org.jetbrains.plugins.gradle.model.AnnotationProcessingModel                    : loaded 2 times (x 72B)
Class org.jetbrains.plugins.gradle.model.ExternalProjectDependency                    : loaded 2 times (x 72B)
Class org.jetbrains.plugins.gradle.tooling.serialization.KotlinDslScriptsModelSerializationService: loaded 2 times (x 83B)
Class kotlin.reflect.KFunction                                                        : loaded 2 times (x 72B)
Class kotlin.collections.ArrayDeque                                                   : loaded 2 times (x 209B)
Class com.google.errorprone.annotations.DoNotMock                                     : loaded 2 times (x 72B)
Class org.objectweb.asm.SymbolTable$Entry                                             : loaded 2 times (x 75B)
Class com.google.gson.internal.JsonReaderInternalAccess                               : loaded 2 times (x 74B)
Class com.amazon.ion.system.IonSystemBuilder$Mutable                                  : loaded 2 times (x 77B)
Class com.amazon.ion.impl.bin.IonManagedBinaryWriter$SymbolResolverBuilder            : loaded 2 times (x 72B)
Class org.jetbrains.kotlin.idea.gradleTooling.KotlinGradleModel                       : loaded 2 times (x 72B)
Class [Lio.opentelemetry.api.trace.TraceFlags;                                        : loaded 2 times (x 71B)
Class [Lio.opentelemetry.context.ContextStorage;                                      : loaded 2 times (x 71B)
Class com.intellij.platform.diagnostic.telemetry.rt.context.TelemetryContext          : loaded 2 times (x 135B)
Class org.jetbrains.plugins.gradle.tooling.serialization.ExternalTestsSerializationService$WriteContext: loaded 2 times (x 74B)
Class kotlin.collections.MapsKt__MapsKt                                               : loaded 2 times (x 73B)
Class org.gradle.api.internal.classpath.DefaultModuleRegistry$DefaultModuleAlias      : loaded 2 times (x 82B)
Class com.android.builder.model.v2.ide.Variant                                        : loaded 2 times (x 72B)
Class org.objectweb.asm.Edge                                                          : loaded 2 times (x 74B)
Class com.google.common.base.Suppliers$SupplierOfInstance                             : loaded 2 times (x 81B)
Class com.google.gson.internal.bind.ReflectiveTypeAdapterFactory                      : loaded 2 times (x 77B)
Class com.google.gson.internal.sql.SqlTimestampTypeAdapter                            : loaded 2 times (x 78B)
Class io.opentelemetry.context.ContextStorageProvider                                 : loaded 2 times (x 72B)
Class com.amazon.ion.impl.bin.IonManagedBinaryWriter$LocalSymbolTableView             : loaded 2 times (x 121B)
Class com.amazon.ion.impl.bin.IonRawBinaryWriter$ThrowingRunnable                     : loaded 2 times (x 72B)
Class io.opentelemetry.context.ThreadLocalContextStorage                              : loaded 2 times (x 87B)
Class org.gradle.tooling.model.Model                                                  : loaded 2 times (x 72B)
Class com.android.ide.common.repository.AgpVersion$PreviewKind$WhenMappings           : loaded 2 times (x 73B)
Class com.google.common.cache.LocalCache$ComputingValueReference                      : loaded 2 times (x 98B)
Class com.google.gson.internal.sql.SqlDateTypeAdapter$1                               : loaded 2 times (x 77B)
Class com.amazon.ion.system.IonBinaryWriterBuilder                                    : loaded 2 times (x 101B)
Class com.google.common.collect.ImmutableMap$IteratorBasedImmutableMap                : loaded 2 times (x 128B)
Class com.amazon.ion.UnknownSymbolException                                           : loaded 2 times (x 87B)
Class com.android.ide.gradle.model.composites.BuildMap                                : loaded 2 times (x 72B)
Class kotlin.text.MatchResult$Destructured                                            : loaded 2 times (x 74B)
Class kotlin.Metadata                                                                 : loaded 2 times (x 72B)
Class kotlin.UninitializedPropertyAccessException                                     : loaded 2 times (x 84B)
Class com.android.builder.model.v2.ide.Library                                        : loaded 2 times (x 72B)
Class com.android.builder.model.v2.ide.ArtifactDependenciesAdjacencyList              : loaded 2 times (x 72B)
Class com.android.builder.model.v2.models.Versions                                    : loaded 2 times (x 72B)
Class com.google.common.cache.LocalCache$Segment                                      : loaded 2 times (x 155B)
Class io.opentelemetry.context.Context                                                : loaded 2 times (x 72B)
Class org.jetbrains.plugins.gradle.model.IntelliJProjectSettings                      : loaded 2 times (x 72B)
Class org.gradle.tooling.internal.adapter.ProtocolToModelAdapter$MethodInvocationCache: loaded 2 times (x 75B)
Class com.android.builder.model.v2.models.ndk.NativeModule                            : loaded 2 times (x 72B)
Class com.google.common.collect.AbstractListMultimap                                  : loaded 2 times (x 173B)
Class [Lorg.objectweb.asm.SymbolTable$Entry;                                          : loaded 2 times (x 71B)
Class com.google.common.cache.CacheLoader                                             : loaded 2 times (x 76B)
Class com.google.gson.internal.bind.ReflectiveTypeAdapterFactory$Adapter              : loaded 2 times (x 79B)
Class com.google.gson.internal.bind.TypeAdapters$10                                   : loaded 2 times (x 77B)
Class com.amazon.ion.impl.bin.IonManagedBinaryWriter$UserState$4                      : loaded 2 times (x 87B)
Class com.google.common.collect.ImmutableBiMap                                        : loaded 2 times (x 145B)
Class org.jetbrains.plugins.gradle.model.ExternalDependency                           : loaded 2 times (x 72B)
Class com.intellij.util.containers.IntObjectHashMap                                   : loaded 2 times (x 74B)
Class com.google.common.collect.SortedIterable                                        : loaded 2 times (x 72B)
Class org.gradle.api.internal.classpath.ModuleRegistry                                : loaded 2 times (x 72B)
Class org.gradle.internal.installation.GradleInstallation$1                           : loaded 2 times (x 77B)
Class com.google.common.collect.ImmutableSet$JdkBackedSetBuilderImpl                  : loaded 2 times (x 78B)
Class com.google.common.util.concurrent.internal.InternalFutureFailureAccess          : loaded 2 times (x 74B)
Class com.google.gson.internal.bind.TypeAdapters$11                                   : loaded 2 times (x 77B)
Class [Lcom.google.gson.FieldNamingPolicy;                                            : loaded 2 times (x 71B)
Class org.jetbrains.plugins.gradle.model.UnresolvedExternalDependency                 : loaded 2 times (x 72B)
Class com.android.ide.common.repository.AgpVersion$PreviewKind$Companion              : loaded 2 times (x 73B)
Class com.amazon.ion.impl.bin.IonManagedBinaryWriter$SymbolState$1                    : loaded 2 times (x 82B)
Class com.amazon.ion.impl.LocalSymbolTableAsStruct$Factory                            : loaded 2 times (x 81B)
Class [Lcom.amazon.ion.IonType;                                                       : loaded 2 times (x 71B)
Class org.jetbrains.plugins.gradle.model.VersionCatalogsModel                         : loaded 2 times (x 72B)
Class com.intellij.gradle.toolingExtension.impl.model.sourceSetDependencyModel.GradleSourceSetDependencySerialisationService$SourceSetDependencyModelReadContext: loaded 2 times (x 74B)
Class com.intellij.gradle.toolingExtension.impl.model.dependencyModel.DependencyReadContext: loaded 2 times (x 74B)
Class org.gradle.tooling.internal.adapter.ObjectGraphAdapter                          : loaded 2 times (x 72B)
Class ijKotlinCoroutineJvmDebugInit1_1bc3t6v7zmgl5ec962cni4394                        : loaded 2 times (x 173B)
Class com.google.common.collect.ImmutableMultimap$Values                              : loaded 2 times (x 128B)
Class com.android.builder.model.v2.ide.Installation                                   : loaded 2 times (x 72B)
Class com.google.common.collect.ImmutableMap$MapViewOfValuesAsSingletonSets           : loaded 2 times (x 128B)
Class com.google.common.cache.LocalCache$LocalManualCache$1                           : loaded 2 times (x 77B)
Class com.google.gson.internal.bind.TypeAdapters$12                                   : loaded 2 times (x 77B)
Class [Lcom.google.gson.ToNumberStrategy;                                             : loaded 2 times (x 71B)
Class org.jetbrains.plugins.gradle.model.ProjectImportModelProvider                   : loaded 2 times (x 72B)
Class org.jetbrains.plugins.gradle.model.ExternalSourceSet                            : loaded 2 times (x 72B)
Class com.amazon.ion.impl.bin.IonManagedBinaryWriter$SymbolState$2                    : loaded 2 times (x 82B)
Class com.amazon.ion.IonNull                                                          : loaded 2 times (x 72B)
Class com.intellij.gradle.toolingExtension.impl.model.warmUp.GradleTaskWarmUpRequest  : loaded 2 times (x 72B)
Class com.google.common.collect.ImmutableSortedAsList                                 : loaded 2 times (x 223B)
Class kotlin.text.RegexKt                                                             : loaded 2 times (x 73B)
Class kotlin.coroutines.intrinsics.IntrinsicsKt__IntrinsicsKt                         : loaded 2 times (x 73B)
Class com.android.builder.model.v2.models.ModelBuilderParameter                       : loaded 2 times (x 72B)
Class com.google.common.collect.RegularImmutableMap                                   : loaded 2 times (x 122B)
Class com.google.gson.internal.bind.TypeAdapters$13                                   : loaded 2 times (x 77B)
Class com.android.builder.model.v2.ide.AndroidArtifact                                : loaded 2 times (x 72B)
Class com.amazon.ion.impl.bin.IonRawBinaryWriter$ContainerInfo                        : loaded 2 times (x 76B)
Class com.amazon.ion.impl.bin.IonManagedBinaryWriter$SymbolState$3                    : loaded 2 times (x 82B)
Class com.amazon.ion.impl.bin.IonRawBinaryWriter$StreamFlushMode                      : loaded 2 times (x 81B)
Class com.amazon.ion.IonBinaryWriter                                                  : loaded 2 times (x 72B)
Class com.intellij.gradle.toolingExtension.impl.model.sourceSetArtifactIndex.GradleSourceSetArtifactBuildRequest: loaded 2 times (x 72B)
Class kotlin.io.FilesKt__UtilsKt                                                      : loaded 2 times (x 73B)
Class com.google.common.collect.Lists$TransformingRandomAccessList                    : loaded 2 times (x 201B)
Class kotlin.collections.CollectionsKt__CollectionsJVMKt                              : loaded 2 times (x 73B)
Class org.gradle.tooling.model.idea.BasicIdeaProject                                  : loaded 2 times (x 72B)
Class org.gradle.api.internal.classpath.DefaultModuleRegistry                         : loaded 2 times (x 86B)
Class com.google.common.io.ByteArrayDataOutput                                        : loaded 2 times (x 72B)
Class com.google.common.util.concurrent.ListenableFuture                              : loaded 2 times (x 72B)
Class com.google.common.cache.ReferenceEntry                                          : loaded 2 times (x 72B)
Class com.google.gson.internal.bind.NumberTypeAdapter$1                               : loaded 2 times (x 78B)
Class com.google.gson.internal.bind.TypeAdapters$1                                    : loaded 2 times (x 77B)
Class com.google.gson.internal.bind.TypeAdapters$14                                   : loaded 2 times (x 77B)
Class com.google.common.base.Converter                                                : loaded 2 times (x 92B)
Class org.gradle.tooling.internal.adapter.ProtocolToModelAdapter$InvocationHandlerImpl: loaded 2 times (x 79B)
Class com.amazon.ion.impl.bin.IonManagedBinaryWriter$SymbolState$4                    : loaded 2 times (x 82B)
Class [Lcom.amazon.ion.util.InputStreamInterceptor;                                   : loaded 2 times (x 71B)
Class org.jetbrains.plugins.gradle.tooling.serialization.internal.IdeaProjectSerializationService$WriteContext$1: loaded 2 times (x 85B)
Class org.jetbrains.plugins.gradle.model.ExternalProject                              : loaded 2 times (x 72B)
Class kotlin.sequences.SequencesKt                                                    : loaded 2 times (x 73B)
Class kotlin.collections.CollectionsKt__IteratorsKt                                   : loaded 2 times (x 73B)
Class [Lcom.android.builder.model.v2.ide.CodeShrinker;                                : loaded 2 times (x 71B)
Class com.google.common.collect.AbstractMapBasedMultimap                              : loaded 2 times (x 140B)
Class com.google.common.util.concurrent.AbstractFuture                                : loaded 2 times (x 108B)
Class com.google.common.base.FunctionalEquivalence                                    : loaded 2 times (x 85B)
Class org.gradle.tooling.model.build.GradleEnvironment                                : loaded 2 times (x 72B)
Class com.google.gson.internal.sql.SqlTypesSupport$1                                  : loaded 2 times (x 76B)
Class com.google.gson.internal.bind.TypeAdapters$2                                    : loaded 2 times (x 77B)
Class com.google.gson.internal.bind.TypeAdapters$15                                   : loaded 2 times (x 77B)
Class org.jetbrains.plugins.gradle.tooling.util.IntObjectMap$ObjectFactory            : loaded 2 times (x 72B)
Class [Lio.opentelemetry.api.trace.ImmutableTraceFlags;                               : loaded 2 times (x 71B)
Class com.amazon.ion.impl.bin.utf8.Pool                                               : loaded 2 times (x 76B)
Class org.jetbrains.plugins.gradle.tooling.serialization.internal.IdeaProjectSerializationService$WriteContext$2: loaded 2 times (x 85B)
Class kotlin.text.StringsKt                                                           : loaded 2 times (x 73B)
Class com.google.common.collect.ImmutableMultiset                                     : loaded 2 times (x 165B)
Class org.objectweb.asm.RecordComponentVisitor                                        : loaded 2 times (x 79B)
Class com.google.common.cache.CacheLoader$SupplierToCacheLoader                       : loaded 2 times (x 77B)
Class com.google.gson.internal.sql.SqlTypesSupport$2                                  : loaded 2 times (x 76B)
Class com.google.gson.internal.bind.TypeAdapters$16                                   : loaded 2 times (x 77B)
Class com.google.gson.internal.bind.TypeAdapters$3                                    : loaded 2 times (x 77B)
Class com.amazon.ion.impl._Private_IonSymbol                                          : loaded 2 times (x 72B)
Class com.amazon.ion.impl.lite.IonValueLite                                           : loaded 2 times (x 150B)
Class com.amazon.ion.IonContainer                                                     : loaded 2 times (x 72B)
Class com.amazon.ion.impl.bin.PooledBlockAllocatorProvider                            : loaded 2 times (x 75B)
Class [Lio.opentelemetry.context.Scope;                                               : loaded 2 times (x 71B)
Class org.jetbrains.plugins.gradle.tooling.serialization.AnnotationProcessingModelSerializationService$ReadContext: loaded 2 times (x 74B)
Class org.jetbrains.plugins.gradle.tooling.serialization.internal.IdeaProjectSerializationService$WriteContext$3: loaded 2 times (x 85B)
Class gnu.trove.TObjectHash$NULL                                                      : loaded 2 times (x 73B)
Class org.gradle.util.internal.DefaultGradleVersion$Stage                             : loaded 2 times (x 77B)
Class kotlin.coroutines.jvm.internal.RestrictedContinuationImpl                       : loaded 2 times (x 89B)
Class org.gradle.tooling.model.GradleProject                                          : loaded 2 times (x 72B)
Class com.google.gson.internal.bind.TypeAdapters$17                                   : loaded 2 times (x 77B)
Class com.google.gson.internal.bind.TypeAdapters$4                                    : loaded 2 times (x 77B)
Class org.jetbrains.kotlin.idea.gradleTooling.AndroidAwareGradleModelProvider         : loaded 2 times (x 81B)
Class com.intellij.gradle.toolingExtension.impl.telemetry.GradleOpenTelemetry         : loaded 2 times (x 74B)
Class org.jetbrains.plugins.gradle.tooling.serialization.internal.IdeaProjectSerializationService$WriteContext$4: loaded 2 times (x 85B)
Class com.intellij.gradle.toolingExtension.impl.model.sourceSetDependencyModel.GradleSourceSetDependencySerialisationService$Companion: loaded 2 times (x 73B)
Class [Lkotlin.Pair;                                                                  : loaded 2 times (x 71B)
Class kotlin.text.StringsKt__StringNumberConversionsKt                                : loaded 2 times (x 73B)
Class kotlin.io.FilesKt__FileReadWriteKt                                              : loaded 2 times (x 73B)
Class com.google.common.collect.UsingToStringOrdering                                 : loaded 2 times (x 116B)
Class kotlin.text.MatchNamedGroupCollection                                           : loaded 2 times (x 72B)
Class kotlin.jvm.internal.markers.KMutableList                                        : loaded 2 times (x 72B)
Class org.gradle.internal.time.MonotonicClock                                         : loaded 2 times (x 79B)
Class org.gradle.internal.service.ServiceLookupException                              : loaded 2 times (x 84B)
Class [Lorg.jetbrains.kotlin.tooling.core.KotlinToolingVersion$Maturity;              : loaded 2 times (x 71B)
Class com.google.gson.annotations.JsonAdapter                                         : loaded 2 times (x 72B)
Class com.google.common.collect.Lists$ReverseList                                     : loaded 2 times (x 202B)
Class [Lcom.google.common.cache.LocalCache$EntryFactory;                              : loaded 2 times (x 71B)
Class com.google.gson.internal.bind.SerializationDelegatingTypeAdapter                : loaded 2 times (x 76B)
Class com.google.gson.internal.bind.TypeAdapters$18                                   : loaded 2 times (x 77B)
Class com.google.gson.internal.bind.TypeAdapters$5                                    : loaded 2 times (x 77B)
Class com.amazon.ion.BufferConfiguration$Builder                                      : loaded 2 times (x 80B)
Class com.intellij.gradle.toolingExtension.util.GradleVersionSpecificsUtil            : loaded 2 times (x 73B)
Class io.opentelemetry.context.ContextStorage                                         : loaded 2 times (x 72B)
Class org.jetbrains.plugins.gradle.tooling.serialization.internal.IdeaProjectSerializationService$WriteContext$5: loaded 2 times (x 85B)
Class com.intellij.gradle.toolingExtension.impl.model.sourceSetDependencyModel.GradleSourceSetDependencySerialisationService$SourceSetDependencyModelWriteContext: loaded 2 times (x 74B)
Class kotlin.sequences.SequencesKt___SequencesKt$sortedWith$1                         : loaded 2 times (x 77B)
Class com.google.common.collect.ImmutableSortedSet                                    : loaded 2 times (x 302B)
Class org.gradle.internal.classloader.ClassLoaderFactory                              : loaded 2 times (x 72B)
Class com.android.builder.model.v2.ide.LibraryInfo                                    : loaded 2 times (x 72B)
Class com.google.common.base.CommonPattern                                            : loaded 2 times (x 76B)
Class com.amazon.ion.IonException                                                     : loaded 2 times (x 86B)
Class com.google.common.cache.LocalCache$LocalManualCache                             : loaded 2 times (x 101B)
Class com.google.gson.internal.bind.ReflectiveTypeAdapterFactory$FieldReflectionAdapter: loaded 2 times (x 79B)
Class com.amazon.ion.util.GzipStreamInterceptor                                       : loaded 2 times (x 87B)
Class com.google.gson.internal.bind.TypeAdapters$6                                    : loaded 2 times (x 77B)
Class com.amazon.ion.impl.bin.IntList                                                 : loaded 2 times (x 79B)
Class com.amazon.ion.impl.lite._Private_LiteDomTrampoline                             : loaded 2 times (x 73B)
Class com.amazon.ion.IonType                                                          : loaded 2 times (x 81B)
Class org.jetbrains.plugins.gradle.tooling.serialization.internal.IdeaProjectSerializationService$WriteContext$6: loaded 2 times (x 85B)
Class org.jetbrains.plugins.gradle.tooling.util.IntObjectMap                          : loaded 2 times (x 75B)
Class org.gradle.internal.service.CachingServiceLocator                               : loaded 2 times (x 84B)
Class org.jetbrains.kotlin.tooling.core.KotlinToolingVersionKt                        : loaded 2 times (x 73B)
Class com.google.gson.annotations.SerializedName                                      : loaded 2 times (x 72B)
Class com.google.common.collect.AbstractMapBasedMultimap$KeySet                       : loaded 2 times (x 139B)
Class com.google.common.math.IntMath                                                  : loaded 2 times (x 73B)
Class com.google.gson.internal.bind.TypeAdapters$7                                    : loaded 2 times (x 77B)
Class com.amazon.ion.impl.lite.ValueFactoryLite                                       : loaded 2 times (x 220B)
Class org.jetbrains.plugins.gradle.model.RepositoryModels                             : loaded 2 times (x 72B)
Class org.jetbrains.plugins.gradle.tooling.serialization.internal.IdeaProjectSerializationService$WriteContext$7: loaded 2 times (x 85B)
Class kotlin.jvm.internal.Intrinsics$Kotlin                                           : loaded 2 times (x 73B)
Class com.google.common.collect.RegularImmutableSortedSet                             : loaded 2 times (x 302B)
Class kotlin.collections.AbstractList$SubList                                         : loaded 2 times (x 200B)
Class kotlin.jvm.internal.CallableReference                                           : loaded 2 times (x 112B)
Class com.google.gson.internal.bind.CollectionTypeAdapterFactory$Adapter              : loaded 2 times (x 76B)
Class com.google.gson.internal.bind.TypeAdapters$8                                    : loaded 2 times (x 77B)
Class com.google.common.collect.ImmutableMapEntry                                     : loaded 2 times (x 87B)
Class com.amazon.ion.impl.bin.WriteBuffer                                             : loaded 2 times (x 80B)
Class com.amazon.ion.impl.bin.IonManagedBinaryWriter                                  : loaded 2 times (x 167B)
Class org.jetbrains.plugins.gradle.tooling.serialization.internal.IdeaProjectSerializationService$WriteContext$8: loaded 2 times (x 85B)
Class gnu.trove.TObjectIntProcedure                                                   : loaded 2 times (x 72B)
Class [Lorg.gradle.api.JavaVersion;                                                   : loaded 2 times (x 71B)
Class kotlin.ranges.IntRange                                                          : loaded 2 times (x 95B)
Class org.gradle.tooling.model.idea.IdeaDependencyScope                               : loaded 2 times (x 72B)
Class org.gradle.internal.time.TimeSource                                             : loaded 2 times (x 72B)
Class org.gradle.tooling.model.kotlin.dsl.KotlinDslScriptsModel                       : loaded 2 times (x 72B)
Class com.google.common.collect.ImmutableMultimap                                     : loaded 2 times (x 148B)
Class com.android.builder.model.v2.ide.TestInfo                                       : loaded 2 times (x 72B)
Class com.google.common.base.Equivalence                                              : loaded 2 times (x 84B)
Class com.google.gson.internal.bind.TypeAdapters$9                                    : loaded 2 times (x 77B)
Class com.amazon.ion.impl.bin.IonManagedBinaryWriter$UserState$3                      : loaded 2 times (x 87B)
Class com.google.common.collect.ImmutableMapEntry$NonTerminalImmutableMapEntry        : loaded 2 times (x 87B)
Class com.amazon.ion.impl.lite.IonBlobLite                                            : loaded 2 times (x 222B)
Class com.amazon.ion.impl.LocalSymbolTable                                            : loaded 2 times (x 129B)
Class org.jetbrains.plugins.gradle.tooling.serialization.SerializationService         : loaded 2 times (x 72B)
Class org.gradle.tooling.internal.gradle.GradleBuildIdentity                          : loaded 2 times (x 72B)
Class kotlin.enums.EnumEntries                                                        : loaded 2 times (x 72B)
Class com.android.builder.model.v2.ide.JavaCompileOptions                             : loaded 2 times (x 72B)
Class com.google.common.collect.IndexedImmutableSet$1                                 : loaded 2 times (x 215B)
Class com.google.common.cache.CacheBuilder$OneWeigher                                 : loaded 2 times (x 84B)
Class com.google.gson.JsonParseException                                              : loaded 2 times (x 84B)
Class com.google.gson.JsonObject                                                      : loaded 2 times (x 95B)
Class com.amazon.ion.IonList                                                          : loaded 2 times (x 72B)
Class org.jetbrains.plugins.gradle.tooling.serialization.internal.adapter.Supplier    : loaded 2 times (x 72B)
Class org.gradle.tooling.internal.adapter.ProtocolToModelAdapter$MixInMappingAction   : loaded 2 times (x 82B)
Class org.gradle.internal.exceptions.ResolutionProvider                               : loaded 2 times (x 72B)
Class com.amazon.ion.IonSystem                                                        : loaded 2 times (x 72B)
Class com.amazon.ion.impl.bin.IonManagedBinaryWriter$ImportedSymbolContext            : loaded 2 times (x 74B)
Class kotlin.text.MatchResult$DefaultImpls                                            : loaded 2 times (x 73B)
Class org.gradle.tooling.model.idea.IdeaCompilerOutput                                : loaded 2 times (x 72B)
Class org.gradle.tooling.model.ProjectIdentifier                                      : loaded 2 times (x 72B)
Class org.gradle.internal.classloader.ClasspathUtil                                   : loaded 2 times (x 73B)
Class com.android.builder.model.v2.ide.ComponentInfo                                  : loaded 2 times (x 72B)
Class org.jetbrains.kotlin.tooling.core.HasExtras                                     : loaded 2 times (x 72B)
Class com.google.common.util.concurrent.Uninterruptibles                              : loaded 2 times (x 73B)
Class com.android.builder.model.v2.ide.ProjectType                                    : loaded 2 times (x 81B)
Class com.intellij.gradle.toolingExtension.impl.model.sourceSetModel.GradleSourceSetSerialisationService: loaded 2 times (x 79B)
Class kotlin.io.FileSystemException                                                   : loaded 2 times (x 84B)
Class com.android.builder.model.v2.dsl.BaseConfig                                     : loaded 2 times (x 72B)
Class com.google.common.util.concurrent.LazyLogger                                    : loaded 2 times (x 74B)
Class com.google.common.collect.Maps                                                  : loaded 2 times (x 73B)
Class com.amazon.ion.impl.lite.IonIntLite                                             : loaded 2 times (x 191B)
Class com.amazon.ion.impl._Private_IonReaderBuilder$TwoElementInputStream             : loaded 2 times (x 94B)
Class com.amazon.ion.util._Private_FastAppendable                                     : loaded 2 times (x 72B)
Class [Lcom.amazon.ion.impl.bin.IonRawBinaryWriter$PreallocationMode;                 : loaded 2 times (x 71B)
Class io.opentelemetry.context.propagation.TextMapGetter                              : loaded 2 times (x 72B)
Class org.gradle.internal.time.TimeSource$1                                           : loaded 2 times (x 79B)
Class kotlin.jvm.internal.DefaultConstructorMarker                                    : loaded 2 times (x 73B)
Class org.gradle.api.specs.Spec                                                       : loaded 2 times (x 72B)
Class com.google.gson.internal.sql.SqlDateTypeAdapter                                 : loaded 2 times (x 76B)
Class [Lcom.google.common.collect.ImmutableEntry;                                     : loaded 2 times (x 71B)
Class com.amazon.ion.impl.lite.IonSexpLite                                            : loaded 2 times (x 492B)
Class com.amazon.ion.impl.lite.IonListLite                                            : loaded 2 times (x 492B)
Class com.amazon.ion.IonFloat                                                         : loaded 2 times (x 72B)
Class io.opentelemetry.context.ThreadLocalContextStorage$ScopeImpl                    : loaded 2 times (x 81B)
Class ijJvmDebugger1_97ctbu4bqi87akgpzobnsuyks$_run_closure1$_closure2                : loaded 2 times (x 141B)
Class com.google.common.cache.LocalCache$LoadingValueReference                        : loaded 2 times (x 98B)
Class com.amazon.ion.impl.LocalSymbolTable$Factory                                    : loaded 2 times (x 79B)
Class com.amazon.ion.impl.bin.IonManagedBinaryWriter$ImportedSymbolResolverMode       : loaded 2 times (x 82B)
Class com.intellij.gradle.toolingExtension.impl.model.buildScriptClasspathModel.GradleBuildScriptClasspathSerializationService: loaded 2 times (x 79B)
Class com.google.common.base.Platform                                                 : loaded 2 times (x 73B)
Class com.google.gson.internal.bind.ReflectiveTypeAdapterFactory$RecordAdapter        : loaded 2 times (x 79B)
Class com.amazon.ion.impl.LocalSymbolTableAsStruct                                    : loaded 2 times (x 134B)
Class com.amazon.ion.impl.lite.IonTimestampLite                                       : loaded 2 times (x 195B)
Class org.jetbrains.plugins.gradle.model.FileCollectionDependency                     : loaded 2 times (x 72B)
Class io.opentelemetry.api.trace.SpanBuilder                                          : loaded 2 times (x 72B)
Class io.opentelemetry.api.DefaultOpenTelemetry                                       : loaded 2 times (x 91B)
Class com.intellij.gradle.toolingExtension.impl.model.utilDummyModel.DummyModel       : loaded 2 times (x 72B)
Class kotlin.text.StringsKt__RegexExtensionsKt                                        : loaded 2 times (x 73B)
Class kotlin.collections.EmptyIterator                                                : loaded 2 times (x 91B)
Class org.gradle.internal.time.Clock                                                  : loaded 2 times (x 72B)
Class org.gradle.tooling.model.BuildModel                                             : loaded 2 times (x 72B)
Class com.android.builder.model.v2.dsl.ProductFlavor                                  : loaded 2 times (x 72B)
Class [Lcom.android.builder.model.v2.ide.TestInfo$Execution;                          : loaded 2 times (x 71B)
Class com.google.gson.internal.reflect.ReflectionHelper$RecordNotSupportedHelper      : loaded 2 times (x 80B)
Class [Lorg.objectweb.asm.AnnotationWriter;                                           : loaded 2 times (x 71B)
Class com.google.gson.JsonIOException                                                 : loaded 2 times (x 84B)
Class com.google.common.collect.Maps$8                                                : loaded 2 times (x 84B)
Class com.amazon.ion.IonString                                                        : loaded 2 times (x 72B)
Class io.opentelemetry.context.propagation.TextMapPropagator                          : loaded 2 times (x 72B)
Class org.jetbrains.plugins.gradle.model.GradleSourceSetDependencyModel               : loaded 2 times (x 72B)
Class kotlin.io.FilePathComponents                                                    : loaded 2 times (x 74B)
Class com.google.common.collect.CompoundOrdering                                      : loaded 2 times (x 117B)
Class kotlin.sequences.SequencesKt__SequencesJVMKt                                    : loaded 2 times (x 73B)
Class kotlin.coroutines.jvm.internal.RestrictedSuspendLambda                          : loaded 2 times (x 93B)
Class org.gradle.tooling.internal.adapter.TypeInspector                               : loaded 2 times (x 75B)
Class org.gradle.tooling.internal.adapter.ProtocolToModelAdapter$NoOpDecoration       : loaded 2 times (x 81B)
Class org.gradle.tooling.model.Element                                                : loaded 2 times (x 72B)
Class kotlin.collections.AbstractList                                                 : loaded 2 times (x 199B)
Class kotlin.collections.AbstractCollection                                           : loaded 2 times (x 119B)
Class com.google.common.collect.Lists$ReverseList$1                                   : loaded 2 times (x 101B)
Class com.google.common.collect.Sets$SetView                                          : loaded 2 times (x 140B)
Class org.jetbrains.kotlin.tooling.core.Extras                                        : loaded 2 times (x 72B)
Class com.google.common.cache.LocalCache$StrongValueReference                         : loaded 2 times (x 92B)
Class com.amazon.ion.BufferConfiguration                                              : loaded 2 times (x 74B)
Class com.amazon.ion.system.SimpleCatalog                                             : loaded 2 times (x 93B)
Class io.opentelemetry.context.ArrayBasedContext                                      : loaded 2 times (x 102B)
Class com.intellij.gradle.toolingExtension.impl.model.taskModel.GradleTaskSerialisationService: loaded 2 times (x 78B)
Class com.android.ide.gradle.model.LegacyV1AgpVersionModel                            : loaded 2 times (x 72B)
Class kotlin.text.StringsKt__StringBuilderJVMKt                                       : loaded 2 times (x 73B)
Class com.google.common.collect.ImmutableRangeSet$Builder                             : loaded 2 times (x 79B)
Class kotlin.text.Regex                                                               : loaded 2 times (x 74B)
Class kotlin.sequences.SequencesKt__SequenceBuilderKt$sequence$$inlined$Sequence$1    : loaded 2 times (x 77B)
Class kotlin.Triple                                                                   : loaded 2 times (x 74B)
Class com.google.common.graph.SuccessorsFunction                                      : loaded 2 times (x 72B)
Class [Lcom.google.gson.stream.JsonToken;                                             : loaded 2 times (x 71B)
Class org.objectweb.asm.Type                                                          : loaded 2 times (x 74B)
Class com.google.gson.LongSerializationPolicy$1                                       : loaded 2 times (x 82B)
Class org.jetbrains.plugins.gradle.tooling.util.IntObjectMap$1                        : loaded 2 times (x 79B)
Class org.gradle.tooling.model.internal.ImmutableDomainObjectSet                      : loaded 2 times (x 157B)
Class org.gradle.internal.classloader.VisitableURLClassLoader$InstrumentingVisitableURLClassLoader: loaded 2 times (x 124B)
Class com.google.common.io.Files$FileByteSink                                         : loaded 2 times (x 79B)
Class com.android.builder.model.v2.ide.AndroidGradlePluginProjectFlags                : loaded 2 times (x 72B)
Class [Lcom.android.builder.model.v2.ide.AndroidGradlePluginProjectFlags$BooleanFlag; : loaded 2 times (x 71B)
Class com.android.builder.model.v2.ide.BasicVariant                                   : loaded 2 times (x 72B)
Class com.google.common.math.IntMath$1                                                : loaded 2 times (x 73B)
Class org.objectweb.asm.ByteVector                                                    : loaded 2 times (x 81B)
Class [Lcom.google.common.cache.CacheBuilder$NullListener;                            : loaded 2 times (x 71B)
Class com.google.gson.LongSerializationPolicy$2                                       : loaded 2 times (x 82B)
Class [Lcom.amazon.ion.impl.bin.IonRawBinaryWriter$StreamFlushMode;                   : loaded 2 times (x 71B)
Class com.amazon.ion.UnsupportedIonVersionException                                   : loaded 2 times (x 87B)
Class io.opentelemetry.api.trace.SpanId                                               : loaded 2 times (x 73B)
Class kotlin.comparisons.ComparisonsKt__ComparisonsKt                                 : loaded 2 times (x 73B)
Class kotlin.ranges.RangesKt__RangesKt                                                : loaded 2 times (x 73B)
Class kotlin.collections.SetsKt___SetsKt                                              : loaded 2 times (x 73B)
Class kotlin.sequences.SequencesKt__SequencesKt                                       : loaded 2 times (x 73B)
Class kotlin.coroutines.Continuation                                                  : loaded 2 times (x 72B)
Class org.gradle.internal.classloader.VisitableURLClassLoader$Spec                    : loaded 2 times (x 76B)
Class org.gradle.internal.classpath.DefaultClassPath                                  : loaded 2 times (x 92B)
Class com.android.builder.model.v2.ide.BundleInfo                                     : loaded 2 times (x 72B)
Class com.android.builder.model.v2.ide.SourceProvider                                 : loaded 2 times (x 72B)
Class org.objectweb.asm.Symbol                                                        : loaded 2 times (x 75B)
Class com.amazon.ion.impl.bin.IonManagedBinaryWriter$SymbolState                      : loaded 2 times (x 82B)
Class com.amazon.ion.IonStruct                                                        : loaded 2 times (x 72B)
Class org.jetbrains.plugins.gradle.model.GradleBuildScriptClasspathModel              : loaded 2 times (x 72B)
Class kotlin.sequences.FilteringSequence                                              : loaded 2 times (x 77B)
Class kotlin.text.CharsKt__CharJVMKt                                                  : loaded 2 times (x 73B)
Class kotlin.comparisons.ComparisonsKt                                                : loaded 2 times (x 73B)
Class kotlin.comparisons.ComparisonsKt___ComparisonsKt                                : loaded 2 times (x 73B)
Class kotlin.coroutines.jvm.internal.BaseContinuationImpl                             : loaded 2 times (x 89B)
Class kotlin.Result$Companion                                                         : loaded 2 times (x 73B)
Class org.gradle.util.internal.DefaultGradleVersion                                   : loaded 2 times (x 84B)
Class com.google.common.io.Closer                                                     : loaded 2 times (x 80B)
Class com.google.common.util.concurrent.ExecutionError                                : loaded 2 times (x 84B)
Class com.google.common.collect.ImmutableEnumSet                                      : loaded 2 times (x 148B)
Class com.google.gson.reflect.TypeToken                                               : loaded 2 times (x 77B)
Class com.google.common.collect.RegularImmutableMap$Values                            : loaded 2 times (x 209B)
Class com.android.builder.model.v2.models.VariantDependenciesAdjacencyList            : loaded 2 times (x 72B)
Class [Lio.opentelemetry.context.ThreadLocalContextStorage;                           : loaded 2 times (x 71B)
Class org.gradle.internal.classloader.ClassLoaderSpec                                 : loaded 2 times (x 73B)
Class org.objectweb.asm.AnnotationWriter                                              : loaded 2 times (x 80B)
Class com.google.common.cache.CacheStats                                              : loaded 2 times (x 73B)
Class com.google.gson.internal.sql.SqlTimestampTypeAdapter$1                          : loaded 2 times (x 77B)
Class com.google.gson.JsonPrimitive                                                   : loaded 2 times (x 95B)
Class com.amazon.ion.impl.IonWriterSystemTextMarkup                                   : loaded 2 times (x 193B)
Class com.amazon.ion.impl.bin.BlockAllocator                                          : loaded 2 times (x 82B)
Class kotlin.jvm.internal.FunctionReferenceImpl                                       : loaded 2 times (x 128B)
Class kotlin.collections.CollectionsKt___CollectionsJvmKt                             : loaded 2 times (x 73B)
Class com.google.common.collect.ImmutableMultisetGwtSerializationDependencies         : loaded 2 times (x 127B)
Class com.google.common.io.Closer$Suppressor                                          : loaded 2 times (x 72B)
Class com.google.common.io.LineProcessor                                              : loaded 2 times (x 72B)
Class [Lcom.google.gson.ReflectionAccessFilter$FilterResult;                          : loaded 2 times (x 71B)
Class org.objectweb.asm.RecordComponentWriter                                         : loaded 2 times (x 79B)
Class [Lcom.android.builder.model.v2.ide.ProjectType;                                 : loaded 2 times (x 71B)
Class com.google.common.util.concurrent.AbstractFuture$Listener                       : loaded 2 times (x 74B)
Class org.gradle.internal.classloader.ClassLoaderHierarchy                            : loaded 2 times (x 72B)
Class com.google.gson.JsonElement                                                     : loaded 2 times (x 94B)
Class Settings_gradle$1$1                                                             : loaded 2 times (x 76B)
Class com.amazon.ion.system.IonWriterBuilderBase                                      : loaded 2 times (x 85B)
Class io.opentelemetry.api.trace.Tracer                                               : loaded 2 times (x 72B)
Class kotlin.TuplesKt                                                                 : loaded 2 times (x 73B)
Class kotlin.jvm.internal.markers.KMutableIterable                                    : loaded 2 times (x 72B)
Class kotlin.Unit                                                                     : loaded 2 times (x 73B)
Class kotlin.sequences.SequencesKt___SequencesJvmKt                                   : loaded 2 times (x 73B)
Class org.gradle.tooling.internal.adapter.ProtocolToModelAdapter$DefaultViewBuilder   : loaded 2 times (x 82B)
Class org.gradle.api.internal.classpath.Module$ModuleAlias                            : loaded 2 times (x 72B)
Class [Lcom.android.builder.model.v2.ide.AaptOptions$Namespacing;                     : loaded 2 times (x 71B)
Class org.objectweb.asm.Attribute                                                     : loaded 2 times (x 79B)
Class com.android.ide.common.gradle.Version$Companion$ParseState                      : loaded 2 times (x 72B)
Class com.google.common.base.Supplier                                                 : loaded 2 times (x 72B)
Class com.google.gson.internal.bind.CollectionTypeAdapterFactory                      : loaded 2 times (x 77B)
Class io.opentelemetry.api.trace.ArrayBasedTraceState                                 : loaded 2 times (x 88B)
Class io.opentelemetry.context.ContextKey                                             : loaded 2 times (x 72B)
Class io.opentelemetry.context.propagation.TextMapSetter                              : loaded 2 times (x 72B)
Class kotlin.ranges.RangesKt                                                          : loaded 2 times (x 73B)
Class org.gradle.tooling.internal.adapter.ProtocolToModelAdapter$ViewGraphDetails$1   : loaded 2 times (x 79B)
Class org.gradle.internal.classloader.VisitableURLClassLoader                         : loaded 2 times (x 118B)
Class com.android.ide.common.repository.AgpVersion$Companion                          : loaded 2 times (x 73B)
Class Settings_gradle                                                                 : loaded 2 times (x 126B)
Class [Lcom.amazon.ion.SymbolTable;                                                   : loaded 2 times (x 71B)
Class com.amazon.ion.impl.bin.IonBinaryWriterAdapter$Factory                          : loaded 2 times (x 72B)
Class com.amazon.ion.impl.BlockedBuffer$BufferedOutputStream                          : loaded 2 times (x 92B)
Class org.jetbrains.plugins.gradle.tooling.serialization.ExternalTestsSerializationService$ReadContext: loaded 2 times (x 74B)
Class kotlin.sequences.FlatteningSequence$iterator$1                                  : loaded 2 times (x 81B)
Class kotlin.jvm.functions.Function0                                                  : loaded 2 times (x 72B)
Class kotlin.collections.ArraysUtilJVM                                                : loaded 2 times (x 73B)
Class kotlin.collections.CollectionsKt__ReversedViewsKt                               : loaded 2 times (x 73B)
Class kotlin.sequences.SequencesKt__SequenceBuilderKt                                 : loaded 2 times (x 73B)
Class org.gradle.tooling.model.eclipse.EclipseProject                                 : loaded 2 times (x 72B)
Class org.gradle.tooling.model.idea.IdeaDependency                                    : loaded 2 times (x 72B)
Class com.android.builder.model.v2.ide.AaptOptions                                    : loaded 2 times (x 72B)
Class [Lcom.android.builder.model.v2.ide.BytecodeTransformation;                      : loaded 2 times (x 71B)
Class com.google.common.base.Strings                                                  : loaded 2 times (x 73B)
Class com.google.common.collect.Sets                                                  : loaded 2 times (x 73B)
Class org.objectweb.asm.Handler                                                       : loaded 2 times (x 74B)
Class com.android.ide.common.gradle.Version$Companion                                 : loaded 2 times (x 73B)
Class kotlin.io.FilesKt__FileTreeWalkKt                                               : loaded 2 times (x 73B)
Class com.google.common.base.Ticker                                                   : loaded 2 times (x 74B)
Class com.google.gson.internal.bind.TreeTypeAdapter                                   : loaded 2 times (x 77B)
Class com.google.gson.internal.sql.SqlTimeTypeAdapter                                 : loaded 2 times (x 76B)
Class com.amazon.ion.impl.bin.AbstractIonWriter$WriteValueOptimization                : loaded 2 times (x 81B)
Class kotlin.collections.AbstractMutableList                                          : loaded 2 times (x 208B)
Class kotlin.jvm.functions.Function1                                                  : loaded 2 times (x 72B)
Class com.android.builder.model.v2.models.ndk.NativeModelBuilderParameter             : loaded 2 times (x 72B)
Class [Lcom.google.common.cache.LocalCache$Segment;                                   : loaded 2 times (x 71B)
Class kotlin.jvm.internal.CollectionToArray                                           : loaded 2 times (x 73B)
Class [Lcom.google.common.cache.LocalCache$Strength;                                  : loaded 2 times (x 71B)
Class com.google.common.cache.CacheBuilder$1                                          : loaded 2 times (x 87B)
Class com.google.gson.internal.bind.TypeAdapters$20                                   : loaded 2 times (x 77B)
Class com.google.common.collect.ImmutableMap                                          : loaded 2 times (x 122B)
Class com.amazon.ion.impl.bin.BlockAllocatorProvider                                  : loaded 2 times (x 74B)
Class io.opentelemetry.api.trace.ArrayBasedTraceStateBuilder                          : loaded 2 times (x 79B)
Class org.jetbrains.plugins.gradle.tooling.serialization.internal.IdeaProjectSerializationService$WriteContext: loaded 2 times (x 74B)
Class com.intellij.gradle.toolingExtension.impl.model.sourceSetDependencyModel.GradleSourceSetDependencySerialisationService: loaded 2 times (x 79B)
Class org.jetbrains.plugins.gradle.model.GradleSourceSetModel                         : loaded 2 times (x 72B)
Class kotlin.KotlinNothingValueException                                              : loaded 2 times (x 84B)
Class kotlin.jvm.functions.Function2                                                  : loaded 2 times (x 72B)
Class org.gradle.internal.classpath.DefaultClassPath$ImmutableUniqueList$Builder      : loaded 2 times (x 77B)
Class com.google.gson.stream.JsonToken                                                : loaded 2 times (x 81B)
Class kotlin.sequences.FilteringSequence$iterator$1                                   : loaded 2 times (x 81B)
Class com.google.common.cache.LocalCache                                              : loaded 2 times (x 188B)
Class com.google.common.cache.CacheBuilder$2                                          : loaded 2 times (x 81B)
Class com.google.gson.internal.bind.TypeAdapters$21                                   : loaded 2 times (x 77B)
Class com.google.gson.FieldNamingPolicy$1                                             : loaded 2 times (x 85B)
Class com.amazon.ion.impl.lite.IonSequenceLite                                        : loaded 2 times (x 434B)
Class com.amazon.ion.impl._Private_Utils$1                                            : loaded 2 times (x 100B)
Class com.amazon.ion.impl.SymbolTableAsStruct                                         : loaded 2 times (x 72B)
Class io.opentelemetry.api.trace.TracerProvider                                       : loaded 2 times (x 72B)
Class com.android.ide.gradle.model.dependencies.Coordinates                           : loaded 2 times (x 72B)
Class com.google.common.collect.AbstractRangeSet                                      : loaded 2 times (x 116B)
Class kotlin.collections.MapsKt___MapsJvmKt                                           : loaded 2 times (x 73B)
Class org.gradle.tooling.internal.adapter.WeakIdentityHashMap$AbsentValueProvider     : loaded 2 times (x 72B)
Class ijKotlinCoroutineJvmDebugInit1_1bc3t6v7zmgl5ec962cni4394$_run_closure1$_closure2: loaded 2 times (x 140B)
Class com.google.common.collect.ArrayListMultimap                                     : loaded 2 times (x 173B)
Class com.google.common.cache.CacheBuilder$3                                          : loaded 2 times (x 74B)
Class com.google.gson.internal.bind.TypeAdapters$22                                   : loaded 2 times (x 77B)
Class com.google.gson.FieldNamingPolicy$2                                             : loaded 2 times (x 85B)
Class com.google.gson.internal.Excluder$1                                             : loaded 2 times (x 76B)
Class [Lcom.google.common.collect.AbstractMapEntry;                                   : loaded 2 times (x 71B)
Class com.google.common.collect.ImmutableEntry                                        : loaded 2 times (x 84B)
Class com.amazon.ion.impl.bin.AbstractIonWriter                                       : loaded 2 times (x 162B)
Class io.opentelemetry.api.trace.AutoValue_ArrayBasedTraceState                       : loaded 2 times (x 89B)
Class gnu.trove.TObjectHash                                                           : loaded 2 times (x 96B)
Class org.jetbrains.plugins.gradle.tooling.util.ObjectCollector$Processor             : loaded 2 times (x 72B)
Class kotlin.jvm.functions.Function4                                                  : loaded 2 times (x 72B)
Class kotlin.collections.EmptySet                                                     : loaded 2 times (x 124B)
Class kotlin.annotation.Target                                                        : loaded 2 times (x 72B)
Class kotlin.collections.CollectionsKt___CollectionsKt                                : loaded 2 times (x 73B)
Class com.intellij.gradle.toolingExtension.impl.model.sourceSetModel.GradleSourceSetSerialisationService$Companion: loaded 2 times (x 73B)
Class org.gradle.internal.exceptions.NonGradleCauseExceptionsHolder                   : loaded 2 times (x 72B)
Class org.gradle.tooling.model.idea.IdeaModuleDependency                              : loaded 2 times (x 72B)
Class org.gradle.tooling.internal.adapter.ViewBuilder                                 : loaded 2 times (x 72B)
Class com.android.builder.model.v2.ide.AndroidLibraryData                             : loaded 2 times (x 72B)
Class com.android.builder.model.v2.ide.ApiVersion                                     : loaded 2 times (x 72B)
Class com.android.ide.common.gradle.Version                                           : loaded 2 times (x 77B)
Class com.google.gson.internal.bind.TypeAdapters$23                                   : loaded 2 times (x 77B)
Class com.google.gson.FieldNamingPolicy$3                                             : loaded 2 times (x 85B)
Class com.google.common.collect.CollectPreconditions                                  : loaded 2 times (x 73B)
Class com.amazon.ion.system.IonReaderBuilder                                          : loaded 2 times (x 97B)
Class io.opentelemetry.api.trace.TraceState                                           : loaded 2 times (x 72B)
Class org.jetbrains.plugins.gradle.model.AnnotationProcessingConfig                   : loaded 2 times (x 72B)
Class com.amazon.ion.IonReader                                                        : loaded 2 times (x 72B)
Class gnu.trove.Equality                                                              : loaded 2 times (x 72B)
Class kotlin.text.StringsKt___StringsJvmKt                                            : loaded 2 times (x 73B)
Class kotlin.reflect.KDeclarationContainer                                            : loaded 2 times (x 72B)
Class kotlin.annotation.Retention                                                     : loaded 2 times (x 72B)
Class org.gradle.tooling.model.eclipse.HierarchicalEclipseProject                     : loaded 2 times (x 72B)
Class [Lcom.google.common.io.FileWriteMode;                                           : loaded 2 times (x 71B)
Class com.android.builder.model.v2.models.Versions$Version                            : loaded 2 times (x 72B)
Class com.google.gson.internal.bind.TypeAdapters$24                                   : loaded 2 times (x 77B)
Class com.google.gson.FieldNamingPolicy$4                                             : loaded 2 times (x 85B)
Class com.google.common.collect.SortedMapDifference                                   : loaded 2 times (x 72B)
Class com.amazon.ion.IonClob                                                          : loaded 2 times (x 72B)
Class io.opentelemetry.context.LazyStorage                                            : loaded 2 times (x 73B)
Class org.jetbrains.plugins.gradle.tooling.ModelBuilderService$Parameter              : loaded 2 times (x 72B)
Class kotlin.io.FilesKt                                                               : loaded 2 times (x 73B)
Class kotlin.collections.MapsKt___MapsKt                                              : loaded 2 times (x 73B)
Class kotlin.collections.ArraysKt___ArraysKt                                          : loaded 2 times (x 73B)
Class com.google.common.io.Files                                                      : loaded 2 times (x 73B)
Class org.jetbrains.kotlin.tooling.core.KotlinToolingVersion$Maturity                 : loaded 2 times (x 81B)
Class com.google.common.cache.LocalCache$WriteThroughEntry                            : loaded 2 times (x 81B)
Class com.google.common.cache.LocalCache$HashIterator                                 : loaded 2 times (x 88B)
Class com.google.common.cache.LocalCache$EntryFactory                                 : loaded 2 times (x 85B)
Class com.google.gson.internal.bind.TypeAdapters$25                                   : loaded 2 times (x 77B)
Class com.google.gson.FieldNamingPolicy$5                                             : loaded 2 times (x 85B)
Class com.amazon.ion.impl.lite.IonLobLite                                             : loaded 2 times (x 187B)
Class com.amazon.ion.impl.lite.IonTextLite                                            : loaded 2 times (x 184B)
Class com.amazon.ion.IonNumber                                                        : loaded 2 times (x 72B)
Class gnu.trove.TObjectHashingStrategy                                                : loaded 2 times (x 72B)
Class kotlin.collections.MapsKt__MapWithDefaultKt                                     : loaded 2 times (x 73B)
Class org.gradle.tooling.internal.adapter.ProtocolToModelAdapter$ReflectionMethodInvoker: loaded 2 times (x 78B)
Class [Lcom.android.ide.common.gradle.Separator;                                      : loaded 2 times (x 71B)
Class org.jetbrains.kotlin.tooling.core.HasMutableExtras                              : loaded 2 times (x 72B)
Class com.google.common.cache.LocalCache$AbstractReferenceEntry                       : loaded 2 times (x 109B)
Class com.google.gson.internal.bind.ArrayTypeAdapter                                  : loaded 2 times (x 76B)
Class com.google.gson.internal.bind.TypeAdapters$26                                   : loaded 2 times (x 77B)
Class com.google.gson.FieldNamingPolicy$6                                             : loaded 2 times (x 85B)
Class [Lcom.amazon.ion.impl.bin.IonManagedBinaryWriter$UserState;                     : loaded 2 times (x 71B)
Class com.amazon.ion.impl.bin.utf8.Utf8StringEncoder                                  : loaded 2 times (x 82B)
Class com.amazon.ion.IonBool                                                          : loaded 2 times (x 72B)
Class kotlin.text.StringsKt___StringsKt                                               : loaded 2 times (x 73B)
Class com.google.common.collect.NullsLastOrdering                                     : loaded 2 times (x 117B)
Class kotlin.collections.CollectionsKt__MutableCollectionsJVMKt                       : loaded 2 times (x 73B)
Class com.amazon.ion.impl._Private_IonValue                                           : loaded 2 times (x 72B)
Class kotlin.enums.EnumEntriesKt                                                      : loaded 2 times (x 73B)
Class com.google.gson.internal.reflect.ReflectionHelper                               : loaded 2 times (x 73B)
Class com.android.builder.model.v2.models.VariantDependencies                         : loaded 2 times (x 72B)
Class org.objectweb.asm.SymbolTable                                                   : loaded 2 times (x 74B)
Class com.google.common.cache.CacheLoader$InvalidCacheLoadException                   : loaded 2 times (x 84B)
Class com.google.gson.internal.bind.TypeAdapters$27                                   : loaded 2 times (x 77B)
Class com.google.gson.FieldNamingPolicy$7                                             : loaded 2 times (x 85B)
Class com.amazon.ion.impl.bin.IonManagedBinaryWriter$UserState$2                      : loaded 2 times (x 87B)
Class com.amazon.ion.IonLoader                                                        : loaded 2 times (x 72B)
Class io.opentelemetry.context.propagation.NoopTextMapPropagator                      : loaded 2 times (x 78B)
Class com.intellij.gradle.toolingExtension.model.repositoryModel.ProjectRepositoriesModel: loaded 2 times (x 72B)
Class org.jetbrains.plugins.gradle.model.GradleProperty                               : loaded 2 times (x 72B)
Class gnu.trove.TObjectCanonicalHashingStrategy                                       : loaded 2 times (x 80B)
Class com.google.common.collect.ImmutableRangeSet$ComplementRanges                    : loaded 2 times (x 209B)
Class com.android.builder.model.v2.ide.TestedTargetVariant                            : loaded 2 times (x 72B)
Class com.google.common.cache.LocalCache$StrongEntry                                  : loaded 2 times (x 110B)
Class com.google.common.util.concurrent.AbstractFuture$TrustedFuture                  : loaded 2 times (x 116B)
Class com.google.common.cache.LoadingCache                                            : loaded 2 times (x 72B)
Class [Lcom.google.gson.LongSerializationPolicy;                                      : loaded 2 times (x 71B)
Class com.amazon.ion.impl._Private_Utils                                              : loaded 2 times (x 73B)
Class kotlin.ranges.IntRange$Companion                                                : loaded 2 times (x 73B)
Class kotlin.text.MatcherMatchResult$groups$1                                         : loaded 2 times (x 153B)
Class kotlin.collections.EmptyMap                                                     : loaded 2 times (x 110B)
Class kotlin.reflect.KAnnotatedElement                                                : loaded 2 times (x 72B)
Class kotlin.jvm.internal.markers.KMutableCollection                                  : loaded 2 times (x 72B)
Class kotlin.coroutines.intrinsics.IntrinsicsKt                                       : loaded 2 times (x 73B)
Class org.gradle.internal.exceptions.MultiCauseException                              : loaded 2 times (x 72B)
Class org.gradle.internal.time.CountdownTimer                                         : loaded 2 times (x 72B)
Class kotlin.jvm.internal.Intrinsics                                                  : loaded 2 times (x 73B)
Class com.google.common.io.ByteStreams$LimitedInputStream                             : loaded 2 times (x 94B)
Class org.objectweb.asm.MethodWriter                                                  : loaded 2 times (x 107B)
Class [Lcom.google.common.cache.Weigher;                                              : loaded 2 times (x 71B)
Class com.google.gson.internal.bind.MapTypeAdapterFactory                             : loaded 2 times (x 77B)
Class com.google.gson.internal.bind.TypeAdapters$29                                   : loaded 2 times (x 77B)
Class com.google.gson.JsonNull                                                        : loaded 2 times (x 94B)
Class com.google.common.collect.RegularImmutableMap$BucketOverflowException           : loaded 2 times (x 84B)
Class io.opentelemetry.api.trace.Span                                                 : loaded 2 times (x 72B)
Class com.intellij.gradle.toolingExtension.impl.model.projectModel.GradleExternalProjectSerializationService$ReadContext: loaded 2 times (x 75B)
Class com.intellij.gradle.toolingExtension.impl.model.dependencyModel.DependencyWriteContext: loaded 2 times (x 74B)
Class kotlin.collections.MapsKt                                                       : loaded 2 times (x 73B)
Class kotlin.coroutines.intrinsics.CoroutineSingletons                                : loaded 2 times (x 81B)
Class kotlin.collections.CollectionsKt__IterablesKt                                   : loaded 2 times (x 73B)
Class org.gradle.tooling.model.ProjectModel                                           : loaded 2 times (x 72B)
Class org.gradle.tooling.model.gradle.GradleBuild                                     : loaded 2 times (x 72B)
Class com.google.common.collect.ImmutableMultimap$1                                   : loaded 2 times (x 84B)
Class com.android.ide.common.gradle.Version$Companion$ParseState$EMPTY                : loaded 2 times (x 76B)
Class org.jetbrains.plugins.gradle.model.GradleConfiguration                          : loaded 2 times (x 72B)
Class com.amazon.ion.impl.bin.utf8.Utf8StringEncoderPool                              : loaded 2 times (x 76B)
Class com.amazon.ion.impl._Private_IonSystem                                          : loaded 2 times (x 72B)
Class com.amazon.ion.BufferConfiguration$OversizedValueHandler                        : loaded 2 times (x 72B)
Class kotlin.ranges.OpenEndRange                                                      : loaded 2 times (x 72B)
Class kotlin.sequences.SequenceBuilderIterator                                        : loaded 2 times (x 87B)
Class kotlin.KotlinNullPointerException                                               : loaded 2 times (x 84B)
Class com.google.common.collect.ImmutableMultimap$2                                   : loaded 2 times (x 83B)
Class com.android.ide.common.repository.AgpVersion$Companion$WhenMappings             : loaded 2 times (x 73B)
Class com.google.common.collect.RegularImmutableBiMap                                 : loaded 2 times (x 150B)
Class com.google.common.io.FileWriteMode                                              : loaded 2 times (x 81B)
Class org.gradle.internal.classloader.FilteringClassLoader                            : loaded 2 times (x 106B)
Class com.google.common.cache.LocalCache$ValueReference                               : loaded 2 times (x 72B)
Class com.google.gson.internal.bind.DefaultDateTypeAdapter$DateType$1                 : loaded 2 times (x 75B)
Class com.amazon.ion.IonDecimal                                                       : loaded 2 times (x 72B)
Class io.opentelemetry.api.OpenTelemetry                                              : loaded 2 times (x 72B)
Class org.jetbrains.plugins.gradle.model.tests.ExternalTestsModel                     : loaded 2 times (x 72B)
Class kotlin.ranges.RangesKt___RangesKt                                               : loaded 2 times (x 73B)
Class org.gradle.tooling.model.idea.IdeaLanguageLevel                                 : loaded 2 times (x 72B)
Class org.gradle.tooling.internal.adapter.ProtocolToModelAdapter$SafeMethodInvoker    : loaded 2 times (x 78B)
Class org.gradle.tooling.internal.adapter.WeakIdentityHashMap$WeakKey                 : loaded 2 times (x 82B)
Class org.gradle.internal.exceptions.DefaultMultiCauseException                       : loaded 2 times (x 97B)
Class ijJvmDebugger1_97ctbu4bqi87akgpzobnsuyks                                        : loaded 2 times (x 173B)
Class com.google.common.hash.PrimitiveSink                                            : loaded 2 times (x 72B)
Class com.android.builder.model.v2.ide.ProjectInfo                                    : loaded 2 times (x 72B)
Class com.google.common.base.PatternCompiler                                          : loaded 2 times (x 72B)
Class com.google.common.util.concurrent.AbstractFuture$Failure                        : loaded 2 times (x 74B)
Class com.google.common.base.Equivalence$Equals                                       : loaded 2 times (x 84B)
Class com.google.gson.internal.LazilyParsedNumber                                     : loaded 2 times (x 80B)
Class com.google.common.collect.Hashing                                               : loaded 2 times (x 73B)
Class kotlin.NotImplementedError                                                      : loaded 2 times (x 84B)
Class com.amazon.ion.impl.bin.IonRawBinaryWriter$StreamCloseMode                      : loaded 2 times (x 81B)
Class com.amazon.ion.impl._Private_IonBinaryWriterBuilder$Mutable                     : loaded 2 times (x 117B)
Class io.opentelemetry.api.trace.PropagatedSpan                                       : loaded 2 times (x 114B)
Class com.intellij.gradle.toolingExtension.impl.model.projectModel.GradleExternalProjectSerializationService: loaded 2 times (x 79B)
Class kotlin.text.CharsKt__CharKt                                                     : loaded 2 times (x 73B)
Class kotlin.collections.ArrayDeque$Companion                                         : loaded 2 times (x 73B)
Class kotlin.collections.ArraysKt                                                     : loaded 2 times (x 73B)
Class org.gradle.tooling.model.HierarchicalElement                                    : loaded 2 times (x 72B)
Class com.google.common.io.CharSink                                                   : loaded 2 times (x 81B)
Class com.android.builder.model.v2.dsl.DependenciesInfo                               : loaded 2 times (x 72B)
Class kotlin.sequences.FlatteningSequence                                             : loaded 2 times (x 77B)
Class org.objectweb.asm.Label                                                         : loaded 2 times (x 75B)
Class org.objectweb.asm.CurrentFrame                                                  : loaded 2 times (x 75B)
Class org.objectweb.asm.ClassTooLargeException                                        : loaded 2 times (x 84B)
Class kotlin.text.MatcherMatchResult                                                  : loaded 2 times (x 82B)
Class kotlin.text.MatchGroupCollection                                                : loaded 2 times (x 72B)
Class kotlin.text.StringsKt__StringsKt                                                : loaded 2 times (x 73B)
Class com.amazon.ion.impl.bin.IonRawBinaryWriter$PatchPoint                           : loaded 2 times (x 74B)
Class com.amazon.ion.IonBlob                                                          : loaded 2 times (x 72B)
Class com.amazon.ion.IonLob                                                           : loaded 2 times (x 72B)
Class com.amazon.ion.IonSequence                                                      : loaded 2 times (x 72B)
Class io.opentelemetry.api.trace.TraceFlags                                           : loaded 2 times (x 72B)
Class org.jetbrains.plugins.gradle.tooling.serialization.ExternalTestsSerializationService: loaded 2 times (x 79B)
Class com.google.common.collect.ByFunctionOrdering                                    : loaded 2 times (x 117B)
Class kotlin.collections.SetsKt__SetsKt                                               : loaded 2 times (x 73B)
Class kotlin.coroutines.EmptyCoroutineContext                                         : loaded 2 times (x 79B)
Class org.gradle.internal.time.Time                                                   : loaded 2 times (x 73B)
Class com.google.gson.internal.reflect.ReflectionHelper$RecordSupportedHelper         : loaded 2 times (x 80B)
Class com.android.builder.model.v2.models.ProjectGraph                                : loaded 2 times (x 72B)
Class com.android.ide.gradle.model.dependencies.DeclaredDependencies                  : loaded 2 times (x 72B)
Class org.objectweb.asm.Frame                                                         : loaded 2 times (x 75B)
Class org.objectweb.asm.MethodVisitor                                                 : loaded 2 times (x 107B)
Class com.android.ide.common.gradle.Version$Companion$ParseState$NUMERIC              : loaded 2 times (x 76B)
Class org.jetbrains.plugins.gradle.tooling.serialization.internal.IdeaProjectSerializationService$ReadContext: loaded 2 times (x 74B)
Class com.amazon.ion.impl.bin.IonManagedBinaryWriter$UserState$1                      : loaded 2 times (x 87B)
Class com.google.common.cache.LocalCache$EntryFactory$1                               : loaded 2 times (x 85B)
Class [Lcom.google.common.cache.RemovalListener;                                      : loaded 2 times (x 71B)
Class com.android.ide.common.repository.AgpVersion$PreviewKind                        : loaded 2 times (x 81B)
Class com.amazon.ion.system.IonTextWriterBuilder                                      : loaded 2 times (x 99B)
Class com.amazon.ion.impl.bin.IonManagedBinaryWriter$ImportedSymbolResolverMode$1$1$1 : loaded 2 times (x 78B)
Class com.amazon.ion.impl._Private_LocalSymbolTableFactory                            : loaded 2 times (x 72B)
Class org.jetbrains.plugins.gradle.tooling.serialization.AnnotationProcessingModelSerializationService: loaded 2 times (x 79B)
Class kotlin.collections.ArraysKt__ArraysJVMKt                                        : loaded 2 times (x 73B)
Class com.google.common.cache.LocalCache$EntryFactory$2                               : loaded 2 times (x 85B)
Class com.google.gson.internal.bind.JsonAdapterAnnotationTypeAdapterFactory           : loaded 2 times (x 77B)
Class com.amazon.ion.impl.lite.IonNullLite                                            : loaded 2 times (x 178B)
Class org.jetbrains.plugins.gradle.model.DependencyAccessorsModel                     : loaded 2 times (x 72B)
Class [Lcom.intellij.openapi.externalSystem.model.project.dependencies.ResolutionState;: loaded 2 times (x 71B)
Class gnu.trove.TObjectIntHashMap                                                     : loaded 2 times (x 111B)
Class kotlin.text.StringsKt__StringBuilderKt                                          : loaded 2 times (x 73B)
Class com.google.common.collect.RangeSet                                              : loaded 2 times (x 72B)
Class kotlin.jvm.internal.CallableReference$NoReceiver                                : loaded 2 times (x 73B)
Class com.android.builder.model.v2.dsl.ClassField                                     : loaded 2 times (x 72B)
Class org.objectweb.asm.ModuleWriter                                                  : loaded 2 times (x 83B)
Class com.google.common.cache.LocalCache$EntryFactory$3                               : loaded 2 times (x 85B)
Class com.google.common.base.Ticker$1                                                 : loaded 2 times (x 74B)
Class com.google.gson.internal.bind.NumberTypeAdapter                                 : loaded 2 times (x 76B)
Class com.google.common.collect.Maps$BiMapConverter                                   : loaded 2 times (x 92B)
Class com.google.common.collect.ImmutableMapEntrySet$RegularEntrySet                  : loaded 2 times (x 154B)
Class com.amazon.ion.impl.lite.IonClobLite                                            : loaded 2 times (x 223B)
Class com.amazon.ion.impl._Private_ValueFactory                                       : loaded 2 times (x 72B)
Class com.amazon.ion.impl.bin.IonRawBinaryWriter$PreallocationMode$1                  : loaded 2 times (x 83B)
Class [Lcom.amazon.ion.impl.bin._Private_IonManagedBinaryWriterBuilder$AllocatorMode; : loaded 2 times (x 71B)
Class org.jetbrains.kotlin.idea.gradleTooling.KotlinMPPGradleModel                    : loaded 2 times (x 72B)
Class io.opentelemetry.context.propagation.ContextPropagators                         : loaded 2 times (x 72B)
Class com.intellij.gradle.toolingExtension.impl.model.dependencyDownloadPolicyModel.GradleDependencyDownloadPolicy: loaded 2 times (x 72B)
Class org.gradle.tooling.model.BuildIdentifier                                        : loaded 2 times (x 72B)
Class kotlin.NoWhenBranchMatchedException                                             : loaded 2 times (x 84B)
Class com.android.builder.model.v2.ide.VectorDrawablesOptions                         : loaded 2 times (x 72B)
Class com.google.common.collect.ImmutableSet$Builder                                  : loaded 2 times (x 87B)
Class com.google.common.collect.RegularImmutableMap$KeySet                            : loaded 2 times (x 154B)
Class com.google.common.cache.LocalCache$EntryFactory$4                               : loaded 2 times (x 85B)
Class com.google.gson.ToNumberPolicy$1                                                : loaded 2 times (x 85B)
Class [Lcom.google.gson.FieldNamingStrategy;                                          : loaded 2 times (x 71B)
Class com.google.gson.internal.Excluder                                               : loaded 2 times (x 77B)
Class com.amazon.ion.IonInt                                                           : loaded 2 times (x 72B)
Class com.amazon.ion.impl.bin.IonRawBinaryWriter$PreallocationMode$2                  : loaded 2 times (x 83B)
Class org.jetbrains.kotlin.idea.gradleTooling.PrepareKotlinIdeImportTaskModel         : loaded 2 times (x 72B)
Class org.gradle.tooling.model.BuildableElement                                       : loaded 2 times (x 72B)
Class org.gradle.tooling.model.HasGradleProject                                       : loaded 2 times (x 72B)
Class com.android.builder.model.v2.ide.Edge                                           : loaded 2 times (x 72B)
Class com.google.common.io.ByteStreams$1                                              : loaded 2 times (x 87B)
Class com.google.gson.internal.ReflectionAccessFilterHelper                           : loaded 2 times (x 73B)
Class com.google.gson.internal.reflect.ReflectionHelper$RecordHelper                  : loaded 2 times (x 77B)
Class com.android.builder.model.v2.models.VariantDependenciesFlatList                 : loaded 2 times (x 72B)
Class com.google.common.cache.LocalCache$EntryFactory$5                               : loaded 2 times (x 85B)
Class com.google.gson.ToNumberPolicy$2                                                : loaded 2 times (x 85B)
Class com.amazon.ion.impl.bin.IonRawBinaryWriter$PreallocationMode$3                  : loaded 2 times (x 83B)
Class com.android.ide.gradle.model.GradlePluginModel                                  : loaded 2 times (x 72B)
Class sync_studio_tooling9_3mzek4n8oz5qogip0l96av4uo                                  : loaded 2 times (x 173B)
Class com.google.common.collect.ReverseOrdering                                       : loaded 2 times (x 117B)
Class org.gradle.tooling.model.build.JavaEnvironment                                  : loaded 2 times (x 72B)
Class com.google.gson.internal.bind.ObjectTypeAdapter$1                               : loaded 2 times (x 78B)
Class com.android.builder.model.v2.ide.SourceSetContainer                             : loaded 2 times (x 72B)
Class com.google.gson.internal.bind.ReflectiveTypeAdapterFactory$FieldsData           : loaded 2 times (x 74B)
Class com.google.common.cache.LocalCache$EntryFactory$6                               : loaded 2 times (x 85B)
Class com.google.gson.ToNumberPolicy$3                                                : loaded 2 times (x 85B)
Class org.jetbrains.plugins.gradle.model.GradleExtension                              : loaded 2 times (x 72B)
Class com.amazon.ion.impl.lite.IonDecimalLite                                         : loaded 2 times (x 191B)
Class com.amazon.ion.IonBufferConfiguration$Builder                                   : loaded 2 times (x 80B)
Class org.gradle.internal.time.Timer                                                  : loaded 2 times (x 72B)
Class kotlin.jvm.internal.markers.KMappedMarker                                       : loaded 2 times (x 72B)
Class org.gradle.internal.installation.CurrentGradleInstallationLocator               : loaded 2 times (x 73B)
Class com.google.common.collect.ImmutableMultimap$Builder                             : loaded 2 times (x 88B)
Class com.android.builder.model.v2.ide.LintOptions                                    : loaded 2 times (x 72B)
Class com.google.common.collect.Maps$KeySet                                           : loaded 2 times (x 139B)
Class com.google.common.collect.ImmutableSet$EmptySetBuilderImpl                      : loaded 2 times (x 78B)
Class com.google.common.cache.LocalCache$EntryFactory$7                               : loaded 2 times (x 85B)
Class com.google.gson.ToNumberPolicy$4                                                : loaded 2 times (x 85B)
Class com.google.common.base.Equivalence$Identity                                     : loaded 2 times (x 84B)
Class [Lcom.amazon.ion.impl.bin.IonRawBinaryWriter$ContainerType;                     : loaded 2 times (x 71B)
Class ijInit1_1vsb76fodwfv9vhjq8wctf1iv$_run_closure1                                 : loaded 2 times (x 141B)
Class kotlin.coroutines.jvm.internal.SpillingKt                                       : loaded 2 times (x 73B)
Class org.gradle.tooling.internal.adapter.ProtocolToModelAdapter$ViewGraphDetails     : loaded 2 times (x 74B)
Class org.gradle.tooling.model.idea.IdeaProject                                       : loaded 2 times (x 72B)
Class org.gradle.tooling.model.DomainObjectSet                                        : loaded 2 times (x 72B)
Class org.gradle.internal.service.DefaultServiceLocator                               : loaded 2 times (x 85B)
Class com.google.common.collect.ImmutableMultimap$EntryCollection                     : loaded 2 times (x 130B)
Class com.android.builder.model.v2.ide.BasicArtifact                                  : loaded 2 times (x 72B)
Class com.google.common.cache.LocalCache$EntryFactory$8                               : loaded 2 times (x 85B)
Class com.google.gson.internal.sql.SqlTypesSupport                                    : loaded 2 times (x 73B)
Class com.google.gson.Gson                                                            : loaded 2 times (x 74B)
Class com.google.common.base.PairwiseEquivalence                                      : loaded 2 times (x 85B)
Class com.amazon.ion.impl.bin.utf8.Utf8StringEncoder$Result                           : loaded 2 times (x 76B)
Class com.amazon.ion.impl.bin.utf8.Pool$Allocator                                     : loaded 2 times (x 72B)
Class com.amazon.ion.IonText                                                          : loaded 2 times (x 72B)
Class com.amazon.ion.impl.SymbolTokenImpl                                             : loaded 2 times (x 83B)
Class com.amazon.ion.SubstituteSymbolTableException                                   : loaded 2 times (x 86B)
Class io.opentelemetry.api.trace.SpanContextKey                                       : loaded 2 times (x 73B)
Class kotlin.coroutines.jvm.internal.SuspendFunction                                  : loaded 2 times (x 72B)
Class org.gradle.util.GradleVersion                                                   : loaded 2 times (x 83B)
Class org.gradle.internal.installation.CurrentGradleInstallation                      : loaded 2 times (x 75B)
Class com.google.common.cache.CacheLoader$1                                           : loaded 2 times (x 77B)
Class com.google.common.collect.ForwardingObject                                      : loaded 2 times (x 74B)
Class com.google.gson.Gson$1                                                          : loaded 2 times (x 78B)
Class com.google.gson.Gson$FutureTypeAdapter                                          : loaded 2 times (x 78B)
Class com.amazon.ion.impl.bin.IonManagedBinaryWriter$ImportDescriptor                 : loaded 2 times (x 78B)
Class com.amazon.ion.SymbolTable                                                      : loaded 2 times (x 72B)
Class org.jetbrains.plugins.gradle.javaModel.JavaGradleManifestModel                  : loaded 2 times (x 72B)
Class org.jetbrains.plugins.gradle.tooling.serialization.GradleExtensionsSerializationService$WriteContext: loaded 2 times (x 74B)
Class com.intellij.gradle.toolingExtension.impl.model.taskModel.GradleTaskSerialisationService$Companion: loaded 2 times (x 73B)
Class kotlin.jvm.internal.Ref$BooleanRef                                              : loaded 2 times (x 73B)
Class kotlin.jvm.internal.StringCompanionObject                                       : loaded 2 times (x 73B)
Class kotlin.coroutines.intrinsics.IntrinsicsKt__IntrinsicsJvmKt                      : loaded 2 times (x 73B)
Class kotlin.coroutines.jvm.internal.CoroutineStackFrame                              : loaded 2 times (x 72B)
Class org.gradle.tooling.internal.adapter.ProtocolToModelAdapter$MethodInvocationCache$MethodInvocationKey: loaded 2 times (x 75B)
Class org.gradle.tooling.model.gradle.ProjectPublications                             : loaded 2 times (x 72B)
Class org.gradle.util.internal.GUtil                                                  : loaded 2 times (x 73B)
Class com.google.common.io.ByteSource                                                 : loaded 2 times (x 86B)
Class com.android.utils.StringHelper                                                  : loaded 2 times (x 73B)
Class com.google.common.cache.AbstractCache$StatsCounter                              : loaded 2 times (x 72B)
Class com.google.gson.Gson$2                                                          : loaded 2 times (x 78B)
Class [Lcom.amazon.ion.impl.bin.IonManagedBinaryWriter$SymbolState;                   : loaded 2 times (x 71B)
Class com.amazon.ion.impl._Private_IonWriterBase                                      : loaded 2 times (x 164B)
Class com.amazon.ion.system.IonSystemBuilder                                          : loaded 2 times (x 77B)
Class com.amazon.ion.IonCatalog                                                       : loaded 2 times (x 72B)
Class io.opentelemetry.api.trace.TraceId                                              : loaded 2 times (x 73B)
Class com.intellij.gradle.toolingExtension.impl.model.utilTurnOffDefaultTasksModel.TurnOffDefaultTasks: loaded 2 times (x 72B)
Class com.intellij.gradle.toolingExtension.impl.model.sourceSetModel.GradleSourceSetSerialisationService$SourceSetModelReadContext: loaded 2 times (x 74B)
Class kotlin.io.NoSuchFileException                                                   : loaded 2 times (x 84B)
Class kotlin.collections.CollectionsKt                                                : loaded 2 times (x 73B)
Class com.android.builder.model.v2.dsl.BuildType                                      : loaded 2 times (x 72B)
Class com.google.gson.internal.bind.ReflectiveTypeAdapterFactory$BoundField           : loaded 2 times (x 77B)
Class com.google.gson.Gson$3                                                          : loaded 2 times (x 77B)
Class com.google.gson.internal.bind.TypeAdapters$19                                   : loaded 2 times (x 77B)
Class com.android.builder.model.v2.ide.ViewBindingOptions                             : loaded 2 times (x 72B)
Class io.opentelemetry.api.internal.ImmutableSpanContext                              : loaded 2 times (x 93B)
Class com.intellij.gradle.toolingExtension.impl.model.sourceSetModel.GradleSourceSetSerialisationService$SourceSetModelWriteContext: loaded 2 times (x 74B)
Class kotlin.ranges.IntProgressionIterator                                            : loaded 2 times (x 84B)
Class kotlin.coroutines.CoroutineContext                                              : loaded 2 times (x 72B)
Class kotlin.coroutines.jvm.internal.DebugProbesKt                                    : loaded 2 times (x 73B)
Class org.gradle.tooling.internal.adapter.WeakIdentityHashMap                         : loaded 2 times (x 78B)
Class org.gradle.tooling.GradleConnectionException                                    : loaded 2 times (x 85B)
Class org.gradle.tooling.internal.adapter.ProtocolToModelAdapter$1                    : loaded 2 times (x 77B)
Class org.gradle.tooling.internal.adapter.ProtocolToModelAdapter$ViewDecoration       : loaded 2 times (x 72B)
Class org.gradle.internal.installation.GradleInstallation                             : loaded 2 times (x 77B)
Class com.google.common.collect.Iterables                                             : loaded 2 times (x 73B)
Class com.google.gson.internal.bind.DefaultDateTypeAdapter$1                          : loaded 2 times (x 77B)
Class com.google.gson.Gson$4                                                          : loaded 2 times (x 78B)
Class com.google.gson.internal.ConstructorConstructor                                 : loaded 2 times (x 74B)
Class com.amazon.ion.impl.lite.ContainerlessContext                                   : loaded 2 times (x 82B)
Class io.opentelemetry.api.trace.DefaultTracer                                        : loaded 2 times (x 76B)
Class org.jetbrains.plugins.gradle.tooling.serialization.GradleExtensionsSerializationService$ReadContext: loaded 2 times (x 74B)
Class com.google.common.collect.LexicographicalOrdering                               : loaded 2 times (x 117B)
Class org.gradle.tooling.internal.adapter.MethodInvoker                               : loaded 2 times (x 72B)
Class com.google.gson.ReflectionAccessFilter$FilterResult                             : loaded 2 times (x 81B)
Class com.google.common.collect.Lists$RandomAccessReverseList                         : loaded 2 times (x 202B)
Class com.android.ide.common.gradle.Part                                              : loaded 2 times (x 79B)
Class com.google.gson.Gson$5                                                          : loaded 2 times (x 78B)
Class gnu.trove.PrimeFinder                                                           : loaded 2 times (x 73B)
Class com.amazon.ion.UnexpectedEofException                                           : loaded 2 times (x 86B)
Class com.amazon.ion.IonSexp                                                          : loaded 2 times (x 72B)
Class com.amazon.ion.ReadOnlyValueException                                           : loaded 2 times (x 86B)
Class com.amazon.ion.impl._Private_LocalSymbolTable                                   : loaded 2 times (x 72B)
Class com.amazon.ion.BufferConfiguration$DataHandler                                  : loaded 2 times (x 72B)
Class com.amazon.ion.impl._Private_IonBinaryWriterBuilder                             : loaded 2 times (x 117B)
Class org.jetbrains.plugins.gradle.tooling.serialization.RepositoriesModelSerializationService$WriteContext: loaded 2 times (x 74B)
Class com.android.ide.gradle.model.LegacyAndroidGradlePluginProperties                : loaded 2 times (x 72B)
Class kotlin.ranges.IntProgression                                                    : loaded 2 times (x 83B)
Class kotlin.jvm.KotlinReflectionNotSupportedError                                    : loaded 2 times (x 84B)
Class org.gradle.tooling.model.gradle.GradleScript                                    : loaded 2 times (x 72B)

---------------  S Y S T E M  ---------------

OS:
 Windows 11 , 64 bit Build 22621 (10.0.22621.4830)
OS uptime: 0 days 12:43 hours
Hyper-V role detected

CPU: total 12 (initial active 12) (6 cores per cpu, 2 threads per core) family 6 model 141 stepping 1 microcode 0x4e, cx8, cmov, fxsr, ht, mmx, 3dnowpref, sse, sse2, sse3, ssse3, sse4.1, sse4.2, popcnt, lzcnt, tsc, tscinvbit, avx, avx2, aes, erms, clmul, bmi1, bmi2, adx, avx512f, avx512dq, avx512cd, avx512bw, avx512vl, sha, fma, vzeroupper, avx512_vpopcntdq, avx512_vpclmulqdq, avx512_vaes, avx512_vnni, clflush, clflushopt, clwb, avx512_vbmi2, avx512_vbmi, hv, rdtscp, rdpid, fsrm, gfni, avx512_bitalg, f16c, cet_ibt, cet_ss, avx512_ifma
Processor Information for the first 12 processors :
  Max Mhz: 2688, Current Mhz: 2688, Mhz Limit: 2688

Memory: 4k page, system-wide physical 7829M (46M free)
TotalPageFile size 31381M (AvailPageFile size 95M)
current process WorkingSet (physical memory assigned to process): 487M, peak: 526M
current process commit charge ("private bytes"): 735M, peak: 753M

vm_info: OpenJDK 64-Bit Server VM (25.0.3+-15898627-b508.16) for windows-amd64 JRE (25.0.3+-15898627-b508.16), built on 2026-07-20T17:54:23Z with MS VC++ 16.10 / 16.11 (VS2019)

END.
